Source,Filename,Youtube,Delay,Speed,Remove Black Bar,Notes
DLC1,3 Doors Down - It's Not My Time,https://www.youtube.com/watch?v=qpfhcljJ9bQ,-1167,100,FALSE,
DLC1,3 Doors Down - Kryptonite,https://www.youtube.com/watch?v=xPU8OAjjS4k,-3709,100,FALSE,
DLC1,30 Seconds to Mars - Attack,https://www.youtube.com/watch?v=acIU7yxzJ70,-1000,100,FALSE,
DLC1,30 Seconds to Mars - Closer to the Edge,https://www.youtube.com/watch?v=mLqHDhF-O28,27375,99.95,FALSE,
DLC1,30 Seconds to Mars - Kings and Queens,https://www.youtube.com/watch?v=hTMrlHHVx8A,56334,100,FALSE,
DLC1,30 Seconds to Mars - The Kill,https://www.youtube.com/watch?v=8yvGCAvOAfM,68042,100,FALSE,"History edit, need recut"
DLC1,30 Seconds to Mars - This Is War,https://www.youtube.com/watch?v=Zcps2fJKuAI,20751,100,FALSE,"History edit, need recut"
DLC1,A Day to Remember - The Downfall of Us All,https://www.youtube.com/watch?v=CN4IIgFz93k,-42,99.9,FALSE,
DLC1,ACDC - Back in Black (Live),https://www.youtube.com/watch?v=6vImyP5EYc8,17000,100,FALSE,
DLC1,ACDC - Dirty Deeds Done Dirt Cheap (Live),https://www.youtube.com/watch?v=BaWwrpBzxms,-2234,100,FALSE,
DLC1,ACDC - Fire Your Guns (Live),https://www.youtube.com/watch?v=BuSHlWVjDIM,2751,100,FALSE,
DLC1,ACDC - For Those About to Rock (We Salute You) (Live),https://www.youtube.com/watch?v=NCwUirA35HU,-4792,100,FALSE,
DLC1,ACDC - Heatseeker (Live),https://www.youtube.com/watch?v=Yw_mqk2ao1E,709,100,FALSE,
DLC1,ACDC - Hell Ain't a Bad Place to Be (Live),https://www.youtube.com/watch?v=zcQPJjuGbXU,2667,100,FALSE,
DLC1,ACDC - Hells Bells (Live),https://www.youtube.com/watch?v=qFJFonWfBBM,3042,100,FALSE,
DLC1,ACDC - High Voltage (Live),https://www.youtube.com/watch?v=dXIMHh4ZfhY,167,100,FALSE,
DLC1,ACDC - Highway to Hell (Live),https://www.youtube.com/watch?v=oLBfdyJ3cpw,-3334,100,FALSE,
DLC1,ACDC - Jailbreak (Live),https://www.youtube.com/watch?v=WHtWs4wiFCs,184125,100,FALSE,"Lose sync, different edit"
DLC1,ACDC - Let There Be Rock (Live),https://www.youtube.com/watch?v=uCxN0qAAx4U,-3250,100,FALSE,"Lose sync, different edit"
DLC1,ACDC - Moneytalks (Live),https://www.youtube.com/watch?v=LBYZoc9lnvE,-626,100,FALSE,
DLC1,ACDC - Shoot to Thrill (Live),https://www.youtube.com/watch?v=D8LTCr3BQW8,-2709,100,FALSE,
DLC1,ACDC - T.N.T. (Live),https://www.youtube.com/watch?v=7WVBEB8-wa0,1917,100,FALSE,
DLC1,ACDC - The Jack (Live),https://www.youtube.com/watch?v=fhGHZZmNkp4,19250,100,FALSE,"Desyncs due to extended solo in middle of song, could recut"
DLC1,ACDC - Thunderstruck (Live),https://www.youtube.com/watch?v=Af0P6XEkI7Y,-33934,100,FALSE,
DLC1,ACDC - Whole Lotta Rosie (Live),https://www.youtube.com/watch?v=eEf_UZVMat4,2417,100,FALSE,
DLC1,ACDC - You Shook Me All Night Long (Live),https://www.youtube.com/watch?v=I6iOVXOBULI,2534,100,FALSE,
DLC1,Ace Frehley - Outer Space,Not Found,,,FALSE,
DLC1,AFI - Beautiful Thieves,https://www.youtube.com/watch?v=Vz__wHVCNng,9259,100,FALSE,
DLC1,AFI - End Transmission,Not Found,,,FALSE,
DLC1,AFI - Love Like Winter,https://www.youtube.com/watch?v=rsrEXwozK-Y,1043,100,FALSE,
DLC1,AFI - Medicate,https://www.youtube.com/watch?v=wCwEBz3ego8,-500,100,FALSE,
DLC1,AFI - Miss Murder,https://www.youtube.com/watch?v=YU4hhNKsPog,103710,100,FALSE,https://www.youtube.com/watch?v=jMxU2ToSunY
DLC1,"AFI - The Leaving Song, Pt. II",https://www.youtube.com/watch?v=5fwGZohSJ9g,-751,100,FALSE,
DLC1,Against Me! - Stop!,https://www.youtube.com/watch?v=4fGmfl9ZJxo,-3504,100.03,FALSE,
DLC1,Against Me! - Thrash Unreal,https://www.youtube.com/watch?v=rzJ21OpFnZ0,-3378,100,FALSE,
DLC1,Airbourne - Runnin' Wild,https://www.youtube.com/watch?v=j2IyX5LXGyg,13080,100,FALSE,
DLC1,Alan Jackson - Good Time,https://www.youtube.com/watch?v=PSROm-vgVRk,28779,100,FALSE,"Lose sync, different edit"
DLC1,Alanis Morissette - Head Over Feet,https://www.youtube.com/watch?v=4iuO49jbovg,-2794,99.65,FALSE,
DLC1,Alanis Morissette - Ironic,https://www.youtube.com/watch?v=Jne9t8sHpUc,-760,99.7,FALSE,
DLC1,Alice Cooper - Billion Dollar Babies (Live),Not Found,,,FALSE,Possibly could find the live version its from
DLC1,Alice Cooper - I'm Eighteen (Live),Not Found,,,FALSE,Possibly could find the live version its from
DLC1,Alice Cooper - Poison,https://www.youtube.com/watch?v=Qq4j1LtCdww,-3871,99.5,FALSE,
DLC1,Alice Cooper - School's Out (Live),Not Found,,,FALSE,Possibly could find the live version its from
DLC1,Alice Cooper - Under My Wheels (Live),Not Found,,,FALSE,Possibly could find the live version its from
DLC1,Alice Cooper - Vengeance Is Mine,https://www.youtube.com/watch?v=l0gYy_llr40,29404,100,FALSE,Need a recut
DLC1,Alice In Chains - A Looking in View,https://www.youtube.com/watch?v=lr_tyst3SVE,-3003,100,FALSE,
DLC1,Alice In Chains - Check My Brain,https://www.youtube.com/watch?v=SBcADQziQWY,-3560,100,FALSE,
DLC1,Alice In Chains - Grind,https://www.youtube.com/watch?v=83gddxVpitc,-3253,99.9,FALSE,
DLC1,Alice In Chains - Heaven Beside You,https://www.youtube.com/watch?v=TEAylKJb-to,-13222,100,FALSE,"Different edit, desyncs a third in"
DLC1,Alice In Chains - Last of My Kind,Not Found,,,FALSE,
DLC1,Alice In Chains - No Excuses,https://www.youtube.com/watch?v=r80HF68KM8g,-3795,100.05,FALSE,
DLC1,Alice In Chains - Rooster,https://www.youtube.com/watch?v=uAE6Il6OTcs,42584,100,FALSE,
DLC1,Alice In Chains - We Die Young,https://www.youtube.com/watch?v=6JA25BIxgtk,-3754,99.9,FALSE,
DLC1,Alice In Chains - Would,https://www.youtube.com/watch?v=Nco_kh8xJDs,-4880,100,FALSE,
DLC1,Alice In Chains - Your Decision,https://www.youtube.com/watch?v=2D37POA11KY,-4371,100,FALSE,
DLC1,Alien Ant Farm - Smooth Criminal,https://www.youtube.com/watch?v=CDl9ZMfj6aE,-3462,100.1,FALSE,"Desyncs in second half, could recut"
DLC1,All That Remains - Chiron,https://www.youtube.com/watch?v=dqw2WAcv8Tw,-3670,100,TRUE,"Black bars added to all side, might need manual crop"
DLC1,All That Remains - This Calling,https://www.youtube.com/watch?v=raRHUG0PkQU,-300,100,FALSE,
DLC1,All That Remains - Two Weeks,https://www.youtube.com/watch?v=gGtW4AFyLyM,24024,100,FALSE,"Desyncs at solo , could recut"
DLC1,All Time Low - Weightless,https://www.youtube.com/watch?v=TpG3BxRctQ4,10844,100,FALSE,
DLC1,All-American Rejects - Dirty Little Secret,https://www.youtube.com/watch?v=gPDcwjJ8pLg,-3295,100.15,FALSE,
DLC1,All-American Rejects - Gives You Hell,https://www.youtube.com/watch?v=uxUATkpMQ8A,2502,100,FALSE,
DLC1,All-American Rejects - Move Along,https://www.youtube.com/watch?v=XleOkGsYgO8,167,100.1,FALSE,
DLC1,All-American Rejects - Real World,Not Found,,,FALSE,
DLC1,Alphabeat - Fascination,https://www.youtube.com/watch?v=-8UxX5STKL4,-2880,100,FALSE,
DLC1,Anberlin - Feel Good Drag,https://www.youtube.com/watch?v=R4sqFmSqrSc,-4338,100,FALSE,
DLC1,Angels & Airwaves - It Hurts,Not Found,,,FALSE,
DLC1,Anthrax - Among the Living,Not Found,,,FALSE,
DLC1,Anthrax - I'm the Man,https://www.youtube.com/watch?v=GiHdr4rWG98,-3086,100,FALSE,Live version?
DLC1,Anthrax - Indians,https://www.youtube.com/watch?v=RzpRU347BDU,-20153,100,FALSE,"Loses sync quite early, different edit"
DLC1,Anthrax - Madhouse (Live),Not Found,,,FALSE,
DLC1,Anthrax - Metal Thrashing Mad (Live),Not Found,,,FALSE,
DLC1,Anvil - 666,Not Found,,,FALSE,
DLC1,Anvil - Metal on Metal,https://www.youtube.com/watch?v=4dYP_psMuOU,-3871,99.62,FALSE,
DLC1,Anvil - This Is Thirteen,Not Found,,,FALSE,
DLC1,At the Gates - Blinded By Fear,https://www.youtube.com/watch?v=nCtjAmtIGf0,767,100.07,TRUE,
DLC1,Atreyu - Coffin Nails,Not Found,,,FALSE,
DLC1,Audioslave - Gasoline,Not Found,,,FALSE,
DLC1,Authority Zero - No Regrets,https://www.youtube.com/watch?v=frvW7l6YiNU,-3583,100,FALSE,
DLC1,Avenged Sevenfold - Afterlife,https://www.youtube.com/watch?v=HIRNdveLnJI,-17100,100,FALSE,"Bridge cut, need recut"
DLC1,Avenged Sevenfold - Bat Country,https://www.youtube.com/watch?v=IHS3qJdxefY,-4421,100,FALSE,Shorter edit
DLC1,Avenged Sevenfold - Critical Acclaim,https://www.youtube.com/watch?v=qB-z8yxa03M,3400,100,FALSE,
DLC1,Avenged Sevenfold - Nightmare,https://www.youtube.com/watch?v=94bGzWyHbu0,-4400,100,FALSE,
DLC1,Avenged Sevenfold - Scream,https://www.youtube.com/watch?v=31u0ZzJbmzg,30898,100,FALSE,
DLC1,Avenged Sevenfold - Seize the Day,https://www.youtube.com/watch?v=jUkoL9RE72o,-2794,100,TRUE,"Small bit of story added in, desyncs"
DLC1,Average White Band - Pick Up the Pieces,Not Found,,,FALSE,
DLC1,Bad Religion - 21st Century (Digital Boy),https://www.youtube.com/watch?v=v-D-fn-Z04w,6874,101.1,FALSE,
DLC1,Bad Religion - New Dark Ages,https://www.youtube.com/watch?v=RGqA1lNXYhg,-4421,100,FALSE,
DLC1,Bad Religion - No Control,Not Found,,,FALSE,
DLC1,Bad Religion - Sorrow,https://www.youtube.com/watch?v=r7Hb4bxF12E,-4872,100,FALSE,
DLC1,Bang Camaro - Rock Rebellion,Not Found,,,FALSE,
DLC1,Barenaked Ladies - Hanukkah Blessings,Not Found,,,FALSE,
DLC1,Behemoth - Conquer All,https://www.youtube.com/watch?v=38j-i8jH7xk,-5840,100,TRUE,
DLC1,Belly - Feed the Tree,https://www.youtube.com/watch?v=RQJjUbMrt8w,-5297,100.1,FALSE,
DLC1,Ben Harper and Relentless7 - Shimmer & Shine,https://www.youtube.com/watch?v=9VBwZU_3au8,2560,99.9,FALSE,
DLC1,Between the Buried and Me - Prequel to the Sequel,Not Found,,,FALSE,
DLC1,Big Dipper - All Going Out Together,Not Found,,,FALSE,
DLC1,Big Dipper - She's Fetching,Not Found,,,FALSE,
DLC1,Big Dipper - Younger Bums,Not Found,,,FALSE,
DLC1,Billy Currington - That's How Country Boys Roll,https://www.youtube.com/watch?v=xfHVXx11P8s,1126,100,FALSE,
DLC1,Billy Idol - Mony Mony,Not Found,,,FALSE,
DLC1,Billy Idol - Rebel Yell,https://www.youtube.com/watch?v=VdphvuyaV_I,-2836,100.1,FALSE,
DLC1,Billy Squier - Christmas Is the Time to Say I Love You,https://www.youtube.com/watch?v=JnOBggLe0tY,8542,101.05,FALSE,
DLC1,Black Rebel Motorcycle Club - Weapon of Choice,https://www.youtube.com/watch?v=94c7fdAxTas,100,100,FALSE,
DLC1,Black Sabbath - N.I.B,Not Found,,,FALSE,
DLC1,Black Sabbath - Sweet Leaf,Not Found,,,FALSE,
DLC1,Black Sabbath - War Pigs,Not Found,,,FALSE,
DLC1,Black Tide - Shockwave,https://www.youtube.com/watch?v=QPq4rHdNjSA,417,100,FALSE,
DLC1,Black Tide - Show Me the Way,https://www.youtube.com/watch?v=ow46trAb1P4,-4172,100,FALSE,
DLC1,Black Tide - Warriors of Time,https://www.youtube.com/watch?v=C9mo7rFWLbY,-19453,100,FALSE,Short Edit but no sync needed really
DLC1,Blind Melon - No Rain,https://www.youtube.com/watch?v=3qVPNONdF58,27152,100,FALSE,
DLC1,Blink-182 - Adam's Song,https://www.youtube.com/watch?v=2MRdtXWcgIw,-2961,99.92,FALSE,
DLC1,Blink-182 - All the Small Things,https://www.youtube.com/watch?v=9Ht5RZpzPqw,-751,99.65,FALSE,
DLC1,Blink-182 - Dammit,https://www.youtube.com/watch?v=sT0g16_LQaQ,-1710,99.95,FALSE,
DLC1,Blink-182 - Down,https://www.youtube.com/watch?v=XrTZT49u0kM,-1668,100,FALSE,
DLC1,Blink-182 - Feeling This,https://www.youtube.com/watch?v=4kMZ23T9VHE,6340,100,FALSE,
DLC1,Blink-182 - First Date,https://www.youtube.com/watch?v=vVy9Lgpg1m8,20646,100,FALSE,Desyncs 3/4 of the way in
DLC1,Blink-182 - I Miss You,https://www.youtube.com/watch?v=s1tAYmMjLdY,-3045,100,FALSE,
DLC1,Blink-182 - The Rock Show,https://www.youtube.com/watch?v=z7hhDINyBP0,14214,99.95,FALSE,
DLC1,Blink-182 - What's My Age Again,https://www.youtube.com/watch?v=K7l5ZeVVoCA,-4504,99.7,FALSE,
DLC1,Blondie - Call Me,https://www.youtube.com/watch?v=StKVS0eI85I,-2970,99.7,FALSE,Very short edit
DLC1,Blondie - Hanging on the Telephone,https://www.youtube.com/watch?v=uWhkbDMISl8,-3680,100.3,FALSE,
DLC1,Blondie - Rapture,https://www.youtube.com/watch?v=pHCdS7O248g,-7520,100.2,FALSE,Short edit
DLC1,Blue Öyster Cult - Godzilla,Not Found,,,FALSE,
DLC1,Blue Öyster Cult - Transmaniacon MC,Not Found,,,FALSE,
DLC1,Blur - Beetlebum,https://www.youtube.com/watch?v=WAXnqjUfal4,-4760,100,FALSE,
DLC1,Blur - There's No Other Way,https://www.youtube.com/watch?v=LJzCYSdrHMI,5440,100,FALSE,Some lyrics difference
DLC1,Bob Marley and the Wailers - Buffalo Soldier,https://www.youtube.com/watch?v=uMUQMSXLlHM,-4280,100,FALSE,Very short edit
DLC1,Bob Marley and the Wailers - Could You Be Loved,https://www.youtube.com/watch?v=1ti2YCFgCoI,-750,100,FALSE,
DLC1,Bob Marley and the Wailers - Exodus,Not Found,,,FALSE,
DLC1,Bob Marley and the Wailers - I Shot the Sheriff,Not Found,,,FALSE,
DLC1,Bob Marley and the Wailers - Is This Love,https://www.youtube.com/watch?v=69RdQFDuYPI,-3680,100,FALSE,
DLC1,Bob Marley and the Wailers - Jamming,https://www.youtube.com/watch?v=oqVy6eRXc7Q,-2211,99.7,FALSE,
DLC1,Bob Marley and the Wailers - No Woman No Cry,https://www.youtube.com/watch?v=IT8XvzIfi4U,376,100,FALSE,
DLC1,Bob Marley and the Wailers - One Love-People Get Ready,https://www.youtube.com/watch?v=IN0KkGeEURw,-4792,100,FALSE,
DLC1,Bob Marley and the Wailers - Redemption Song,https://www.youtube.com/watch?v=yv5xonFSC4c,-3720,100.426,FALSE,
DLC1,Bob Marley and the Wailers - Satisfy My Soul,https://www.youtube.com/watch?v=5O1WKodlCIA,71720,100,FALSE,
DLC1,Bob Marley and the Wailers - Stir It Up,Not Found,,,FALSE,
DLC1,Bob Marley and the Wailers - Three Little Birds,https://www.youtube.com/watch?v=HNBCVM4KbUM,-4963,99.68,FALSE,
DLC1,Bob Marley and the Wailers - Waiting in Vain,https://www.youtube.com/watch?v=Hk9-WRmZEfA,-4400,99.7,FALSE,
DLC1,Boston - Hitch A Ride,Not Found,,,FALSE,
DLC1,Boston - More Than A Feeling,https://www.youtube.com/watch?v=t4QK8RxCAwo,-71545,100,FALSE,"Short edit, sync in the middle"
DLC1,Boston - Peace of Mind,Not Found,,,FALSE,
DLC1,Boston - Rock and Roll Band,Not Found,,,FALSE,
DLC1,Boston - Smokin',Not Found,,,FALSE,
DLC1,Boston - Something About You,Not Found,,,FALSE,
DLC1,Boys Like Girls - The Great Escape,https://www.youtube.com/watch?v=JGPgxoIPY6Q,-4705,100,FALSE,
DLC1,Brad Paisley - Mud on the Tires,https://www.youtube.com/watch?v=X6nxHNrIwJA,-1034,100,FALSE,Desyncs due to story
DLC1,Breaking Benjamin - I Will Not Bow,https://www.youtube.com/watch?v=7qrRzNidzIc,-3792,100,FALSE,
DLC1,Breaking Benjamin - So Cold,https://www.youtube.com/watch?v=UkI4KejmSfY,-35327,100,FALSE,"Different edit, loses sync"
DLC1,Breaking Benjamin - The Diary of Jane,https://www.youtube.com/watch?v=DWaB4PXCwFU,-3667,100.1,FALSE,
DLC1,Brian Setzer - Stray Cat Strut,https://www.youtube.com/watch?v=vEtbfzMLVWU,-3280,100.2,FALSE,
DLC1,Brooks & Dunn - Hillbilly Deluxe,https://www.youtube.com/watch?v=H3QEKT2mk_Q,-13180,100,FALSE,
DLC1,Buckcherry - Out of Line,Not Found,,,FALSE,
DLC1,Buckcherry - Rescue Me,https://www.youtube.com/watch?v=LxZjxcScEsg,467,100,FALSE,
DLC1,Bullet For My Valentine - Waking the Demon,https://www.youtube.com/watch?v=q2I0ulTZWXA,3587,100.1,FALSE,
DLC1,Busted - Thunderbirds Are Go!,https://www.youtube.com/watch?v=Yl8SPiCdfcM,7960,100,FALSE,
DLC1,Buzzcocks - Ever Fallen in Love,https://www.youtube.com/watch?v=0Af7ayYIJ9w,-4880,100.75,FALSE,
DLC1,Cannibal Corpse - Hammer Smashed Face,Not Checked Yet,,,FALSE,
DLC1,Carrie Underwood - All-American Girl,Not Checked Yet,,,FALSE,
DLC1,Chely Wright - Single White Female,Not Checked Yet,,,FALSE,
DLC1,Children of Bodom - Are You Dead Yet,Not Checked Yet,,,FALSE,
DLC1,"Chiodos - I Didn't Say I Was Powerful, I Said I Was a Wizard",Not Checked Yet,,,FALSE,
DLC1,Cocktail Slippers - Give It to Me,Not Checked Yet,,,FALSE,
DLC1,Coheed and Cambria - A Favor House Atlantic,Not Checked Yet,,,FALSE,
DLC1,Coheed and Cambria - Guns of Summer,Not Checked Yet,,,FALSE,
DLC1,Coheed and Cambria - Here We Are Juggernaut,Not Checked Yet,,,FALSE,
DLC1,Coheed and Cambria - Ten Speed (Of God's Blood & Burial),Not Checked Yet,,,FALSE,
DLC1,Coheed and Cambria - The Broken,Not Checked Yet,,,FALSE,
DLC1,Coheed and Cambria - The Running Free,Not Checked Yet,,,FALSE,
DLC1,Count Zero - Shake,Not Checked Yet,,,FALSE,
DLC1,Crash Kings - Mountain Man,Not Checked Yet,,,FALSE,
DLC1,Creedence Clearwater Revival - Bad Moon Rising,Not Checked Yet,,,FALSE,
DLC1,Creedence Clearwater Revival - Born on the Bayou,Not Checked Yet,,,FALSE,
DLC1,Creedence Clearwater Revival - Down on the Corner,Not Checked Yet,,,FALSE,
DLC1,Creedence Clearwater Revival - Fortunate Son,Not Checked Yet,,,FALSE,
DLC1,Creedence Clearwater Revival - Fortunate Son (Original Version),Not Checked Yet,,,FALSE,
DLC1,Creedence Clearwater Revival - Green River,Not Checked Yet,,,FALSE,
DLC1,Creedence Clearwater Revival - I Heard It Through the Grapevine,Not Checked Yet,,,FALSE,
DLC1,Creedence Clearwater Revival - Lookin' Out My Back Door,Not Checked Yet,,,FALSE,
DLC1,Creedence Clearwater Revival - Proud Mary,Not Checked Yet,,,FALSE,
DLC1,Creedence Clearwater Revival - Run Through the Jungle,Not Checked Yet,,,FALSE,
DLC1,Creedence Clearwater Revival - Travelin' Band,Not Checked Yet,,,FALSE,
DLC1,Creedence Clearwater Revival - Up Around the Bend,Not Checked Yet,,,FALSE,
DLC1,Creedence Clearwater Revival - Who'll Stop the Rain,Not Checked Yet,,,FALSE,
DLC1,Crooked X - Gone,Not Checked Yet,,,FALSE,
DLC1,Crooked X - Rock 'n' Roll Dream,Not Checked Yet,,,FALSE,
DLC1,Cross Canadian Ragweed - Cry Lonely,Not Checked Yet,,,FALSE,
DLC1,Crown of Thorns - Rock Ready,Not Checked Yet,,,FALSE,
DLC1,Damone - Out Here All Night,Not Checked Yet,,,FALSE,
DLC1,Darius Rucker - Alright,Not Checked Yet,,,FALSE,
DLC1,Darryl Worley - Awful Beautiful Life,Not Checked Yet,,,FALSE,
DLC1,Dashboard Confessional - Hands Down,Not Checked Yet,,,FALSE,
DLC1,David Bowie - Heroes,Not Checked Yet,,,FALSE,
DLC1,David Bowie - Moonage Daydream,Not Checked Yet,,,FALSE,
DLC1,David Bowie - Queen Bitch,Not Checked Yet,,,FALSE,
DLC1,dc Talk - Jesus Freak,Not Checked Yet,,,FALSE,
DLC1,Dead Kennedys - California Über Alles,Not Checked Yet,,,FALSE,
DLC1,Dead Kennedys - Holiday in Cambodia,Not Checked Yet,,,FALSE,
DLC1,Dead Kennedys - Police Truck,Not Checked Yet,,,FALSE,
DLC1,Dealership - Database Corrupted,Not Checked Yet,,,FALSE,
DLC1,Dear and the Headlights - Sweet Talk,Not Checked Yet,,,FALSE,
DLC1,Deep Purple - Space Truckin',Not Checked Yet,,,FALSE,
DLC1,Deftones - Cherry Waves,Not Checked Yet,,,FALSE,
DLC1,Deftones - Hole in the Earth,Not Checked Yet,,,FALSE,
DLC1,Deftones - Minerva,Not Checked Yet,,,FALSE,
DLC1,DevilDriver - Clouds Over California,Not Checked Yet,,,FALSE,
DLC1,Devo - Girl U Want,Not Checked Yet,,,FALSE,
DLC1,Devo - Through Being Cool,Not Checked Yet,,,FALSE,
DLC1,Die Toten Hosen - Hier Kommt Alex,Not Checked Yet,,,FALSE,
DLC1,Dierks Bentley - Free and Easy (Down the Road I Go),Not Checked Yet,,,FALSE,
DLC1,Dierks Bentley - Sideways,Not Checked Yet,,,FALSE,
DLC1,Dierks Bentley - What Was I Thinkin',Not Checked Yet,,,FALSE,
DLC1,Dinosaur Jr - Pick Me Up,Not Checked Yet,,,FALSE,
DLC1,Dinosaur Jr - The Wagon,Not Checked Yet,,,FALSE,
DLC1,Dio - Holy Diver,Not Checked Yet,,,FALSE,
DLC1,Dio - Stand Up and Shout,Not Checked Yet,,,FALSE,
DLC1,Disturbed - Another Way to Die,https://www.youtube.com/watch?v=HwELajFteTo,-20354,100,FALSE,
DLC1,Disturbed - Asylum,https://www.youtube.com/watch?v=1K9jBL2syJ8,-106380,100,FALSE,
DLC1,Disturbed - Indestructible,https://www.youtube.com/watch?v=aWxBrI0g1kE,-12312,100,FALSE,
DLC1,Disturbed - Inside the Fire,https://www.youtube.com/watch?v=rxujAPhxlo0,60042,100,FALSE,
DLC1,Disturbed - Meaning of Life,Not Found,,,FALSE,
DLC1,Disturbed - Perfect Insanity,Not Found,,,FALSE,
DLC1,Disturbed - Stricken,https://www.youtube.com/watch?v=I77mjesUbkw,0,100.03,FALSE,
DLC1,Disturbed - Stupify,https://www.youtube.com/watch?v=GVcY--XzeIc,-3837,99.98,FALSE,
DLC1,Disturbed - The Animal,https://www.youtube.com/watch?v=dwxUgefMStM,6506,100,FALSE,
DLC1,Disturbed - The Game,Not Found,,,FALSE,
DLC1,Disturbed - Voices,https://www.youtube.com/watch?v=AwLxg-yvEmc,11970,100.13,FALSE,
DLC1,Dixie Chicks - Sin Wagon,Not Checked Yet,,,FALSE,
DLC1,Dream Theater - Constant Motion,Not Checked Yet,,,FALSE,
DLC1,Drive-By Truckers - 3 Dimes Down,Not Checked Yet,,,FALSE,
DLC1,Dropkick Murphys - I'm Shipping Up to Boston,Not Checked Yet,,,FALSE,
DLC1,Duran Duran - Girls on Film,Not Checked Yet,,,FALSE,
DLC1,Duran Duran - Rio,Not Checked Yet,,,FALSE,
DLC1,Dwight Yoakam - Intentional Heartache,Not Checked Yet,,,FALSE,
DLC1,Eagles of Death Metal - I Only Want You,Not Checked Yet,,,FALSE,
DLC1,"Earth, Wind & Fire - Shining Star",Not Checked Yet,,,FALSE,
DLC1,EELS - Saturday Morning,Not Checked Yet,,,FALSE,
DLC1,Electric Six - Dance Epidemic,Not Checked Yet,,,FALSE,
DLC1,Electric Six - Gay Bar,Not Checked Yet,,,FALSE,
DLC1,Electric Six - I Don't Like You,Not Checked Yet,,,FALSE,
DLC1,Elvis Costello - Radio Radio,Not Checked Yet,,,FALSE,
DLC1,Endeverafter - I Wanna Be Your Man,Not Checked Yet,,,FALSE,
DLC1,Eric Cartman - Lady Gaga's 'Poker Face' (South Park Version),Not Found,,,FALSE,
DLC1,Eric Church - Hell on the Heart,Not Checked Yet,,,FALSE,
DLC1,Escape the Fate - The Flood,Not Checked Yet,,,FALSE,
DLC1,Evanescence - Bring Me to Life,https://www.youtube.com/watch?v=3YxaaGgTQYM,11480,100,FALSE,No sync possible without re-edit
DLC1,Evanescence - Call Me When You're Sober,https://www.youtube.com/watch?v=_RrA-R5VHQs,-5138,100,FALSE,
DLC1,Evanescence - Weight of the World,Not Found,,,FALSE,
DLC1,Eve 6 - Inside Out,Not Checked Yet,,,FALSE,
DLC1,Evile - Thrasher,https://www.youtube.com/watch?v=924bRfmiJ20,-3040,100,FALSE,
DLC1,Faith No More - We Care A Lot,Not Checked Yet,,,FALSE,
DLC1,Fall Out Boy - I Don't Care,https://www.youtube.com/watch?v=Alh6iIvVN9o,20020,100,FALSE,"End desync, could cut a small meme cat part out"
DLC1,"Fall Out Boy - This Ain't A Scene, It's An Arms Race",https://www.youtube.com/watch?v=GNm5drtAQXs,16642,100,FALSE,"Desynch near the end, dream sequence"
DLC1,Family Force 5 - Love Addict,Not Checked Yet,,,FALSE,
DLC1,Finley - Tutto è Possibile,Not Checked Yet,,,FALSE,
DLC1,Fleetwood Mac - Don't Stop,Not Checked Yet,,,FALSE,
DLC1,Fleetwood Mac - World Turning,Not Checked Yet,,,FALSE,
DLC1,Flobots - Handlebars,Not Checked Yet,,,FALSE,
DLC1,Flyleaf - Again,Not Checked Yet,,,FALSE,
DLC1,Foo Fighters - All My Life,Not Checked Yet,,,FALSE,
DLC1,Foo Fighters - Best of You,Not Checked Yet,,,FALSE,
DLC1,Foo Fighters - DOA,Not Checked Yet,,,FALSE,
DLC1,Foo Fighters - Doll,Not Checked Yet,,,FALSE,
DLC1,Foo Fighters - Enough Space,Not Checked Yet,,,FALSE,
DLC1,Foo Fighters - February Stars,Not Checked Yet,,,FALSE,
DLC1,"Foo Fighters - Hey, Johnny Park!",Not Checked Yet,,,FALSE,
DLC1,Foo Fighters - I'll Stick Around,Not Checked Yet,,,FALSE,
DLC1,Foo Fighters - Lonely As You,Not Checked Yet,,,FALSE,
DLC1,Foo Fighters - Monkey Wrench,Not Checked Yet,,,FALSE,
DLC1,Foo Fighters - My Hero,Not Checked Yet,,,FALSE,
DLC1,Foo Fighters - My Poor Brain,Not Checked Yet,,,FALSE,
DLC1,Foo Fighters - New Way Home,Not Checked Yet,,,FALSE,
DLC1,Foo Fighters - See You,Not Checked Yet,,,FALSE,
DLC1,Foo Fighters - The Pretender,Not Checked Yet,,,FALSE,
DLC1,Foo Fighters - This Is a Call,Not Checked Yet,,,FALSE,
DLC1,Foo Fighters - Times Like These,Not Checked Yet,,,FALSE,
DLC1,Foo Fighters - Up in Arms,Not Checked Yet,,,FALSE,
DLC1,Foo Fighters - Walking After You,Not Checked Yet,,,FALSE,
DLC1,Foo Fighters - Wheels,Not Checked Yet,,,FALSE,
DLC1,Foo Fighters - Wind Up,Not Checked Yet,,,FALSE,
DLC1,Foo Fighters - Word Forward,Not Checked Yet,,,FALSE,
DLC1,"Foreigner - Blue Morning, Blue Day",Not Checked Yet,,,FALSE,
DLC1,Foreigner - Feels Like the First Time,Not Checked Yet,,,FALSE,
DLC1,Foreigner - Headknocker,Not Checked Yet,,,FALSE,
DLC1,Foreigner - Juke Box Hero,Not Checked Yet,,,FALSE,
DLC1,Franz Ferdinand - Do You Want To,Not Checked Yet,,,FALSE,
DLC1,Franz Ferdinand - Lucid Dreams,Not Checked Yet,,,FALSE,
DLC1,Franz Ferdinand - Take Me Out,Not Checked Yet,,,FALSE,
DLC1,Free - All Right Now,Not Checked Yet,,,FALSE,
DLC1,Freezepop - Get Ready 2 Rokk,Not Found,,,FALSE,
DLC1,Freezepop - Less Talk More Rokk,https://www.youtube.com/watch?v=qV9dcSU3VcM,-42083,100,TRUE,Different Edit
DLC1,Freezepop - Science Genius Girl,Not Found,,,FALSE,
DLC1,Freezepop - Sprode,Not Found,,,FALSE,
DLC1,Garbage - Why Do You Love Me,Not Checked Yet,,,FALSE,
DLC1,Gary Allan - Man Of Me,Not Checked Yet,,,FALSE,
DLC1,George Strait - TWANG,Not Checked Yet,,,FALSE,
DLC1,George Thorogood & the Destroyers - Bad to the Bone,Not Checked Yet,,,FALSE,
DLC1,Ghost Hounds - Ashes to Fire,Not Checked Yet,,,FALSE,
DLC1,Ghost Hounds - Wind Me Up,Not Checked Yet,,,FALSE,
DLC1,GLaDOS - Still Alive,Not Checked Yet,,,FALSE,
DLC1,Glasvegas - Geraldine,Not Checked Yet,,,FALSE,
DLC1,God Forbid - Empire of the Gun,Not Checked Yet,,,FALSE,
DLC1,Godsmack - I Stand Alone,https://www.youtube.com/watch?v=OYjZK_6i37M,30906,100,FALSE,
DLC1,Go-Go's - Our Lips Are Sealed,Not Checked Yet,,,FALSE,
DLC1,Gorillaz - Clint Eastwood,Not Checked Yet,,,FALSE,
DLC1,Gorillaz - Feel Good Inc,Not Checked Yet,,,FALSE,
DLC1,Gorillaz - Re-Hash,Not Checked Yet,,,FALSE,
DLC1,Green Day - ¡Viva la Gloria!,Not Checked Yet,,,FALSE,
DLC1,Green Day - 21 Guns,Not Checked Yet,,,FALSE,
DLC1,Green Day - Christian's Inferno,Not Checked Yet,,,FALSE,
DLC1,Green Day - East Jesus Nowhere,Not Checked Yet,,,FALSE,
DLC1,Green Day - Know Your Enemy,Not Checked Yet,,,FALSE,
DLC1,Green Day - Last of the American Girls,Not Checked Yet,,,FALSE,
DLC1,Guns N' Roses - Better,Not Checked Yet,,,FALSE,
DLC1,Guns N' Roses - Catcher in the Rye,Not Checked Yet,,,FALSE,
DLC1,Guns N' Roses - Chinese Democracy,Not Checked Yet,,,FALSE,
DLC1,Guns N' Roses - I.R.S,Not Checked Yet,,,FALSE,
DLC1,Guns N' Roses - If the World,Not Checked Yet,,,FALSE,
DLC1,Guns N' Roses - Madagascar,Not Checked Yet,,,FALSE,
DLC1,Guns N' Roses - Prostitute,Not Checked Yet,,,FALSE,
DLC1,Guns N' Roses - Riad N' the Bedouins,Not Checked Yet,,,FALSE,
DLC1,Guns N' Roses - Scraped,Not Checked Yet,,,FALSE,
DLC1,Guns N' Roses - Sorry,Not Checked Yet,,,FALSE,
DLC1,Guns N' Roses - Street of Dreams,Not Checked Yet,,,FALSE,
DLC1,Guns N' Roses - There Was a Time,Not Checked Yet,,,FALSE,
DLC1,Guns N' Roses - This I Love,Not Checked Yet,,,FALSE,
DLC1,Harvey Danger - Cream and Bastards Rise,Not Checked Yet,,,FALSE,
DLC1,Hautewerk - Alone in My Head,Not Checked Yet,,,FALSE,
DLC1,Hautewerk - I Know Where You Came From,Not Checked Yet,,,FALSE,
DLC1,Hautewerk - Stop Start Again,Not Checked Yet,,,FALSE,
DLC1,Hawk Nelson - Live Life Loud,Not Checked Yet,,,FALSE,
DLC1,Hawkwind - Master of the Universe,Not Checked Yet,,,FALSE,
DLC1,H-Blockx - Countdown to Insanity,Not Checked Yet,,,FALSE,
DLC1,HIM - Heartkiller,Not Checked Yet,,,FALSE,
DLC1,HIM - Ode to Solitude,Not Checked Yet,,,FALSE,
DLC1,HIM - Wings of a Butterfly,Not Checked Yet,,,FALSE,
DLC1,Hinder - Use Me,Not Checked Yet,,,FALSE,
DLC1,Hollywood Undead - Young,Not Checked Yet,,,FALSE,
DLC1,Honest Bob and the Factory-to-Dealer Incentives - Entangled,Not Checked Yet,,,FALSE,
DLC1,Hot Hot Heat - Bandages,Not Checked Yet,,,FALSE,
DLC1,I Mother Earth - Levitate,Not Checked Yet,,,FALSE,
DLC1,In This Moment - Forever,Not Checked Yet,,,FALSE,
DLC1,Iron Maiden - 2 Minutes to Midnight,Not Checked Yet,,,FALSE,
DLC1,Iron Maiden - Aces High (Live),Not Checked Yet,,,FALSE,
DLC1,Iron Maiden - Can I Play with Madness,Not Checked Yet,,,FALSE,
DLC1,Iron Maiden - Fear of the Dark (Live),Not Checked Yet,,,FALSE,
DLC1,Iron Maiden - Hallowed Be Thy Name (Live),Not Checked Yet,,,FALSE,
DLC1,Iron Maiden - Iron Maiden (Live),Not Checked Yet,,,FALSE,
DLC1,Iron Maiden - Powerslave,Not Checked Yet,,,FALSE,
DLC1,Iron Maiden - Run to the Hills (Original Version),Not Checked Yet,,,FALSE,
DLC1,Iron Maiden - The Clairvoyant,Not Checked Yet,,,FALSE,
DLC1,Iron Maiden - The Number of the Beast,Not Checked Yet,,,FALSE,
DLC1,Iron Maiden - The Number of the Beast (Original Version),Not Checked Yet,,,FALSE,
DLC1,Iron Maiden - The Trooper,Not Checked Yet,,,FALSE,
DLC1,Iron Maiden - Wasted Years,Not Checked Yet,,,FALSE,
DLC1,James Brown - Get Up (I Feel Like Being a) Sex Machine - Pt 1,Not Checked Yet,,,FALSE,
DLC1,James Gang - Funk #49,Not Checked Yet,,,FALSE,
DLC1,James Gang - Walk Away,Not Checked Yet,,,FALSE,
DLC1,Jamey Johnson - Women,Not Checked Yet,,,FALSE,
DLC1,Jane's Addiction - Had a Dad,Not Checked Yet,,,FALSE,
DLC1,Jane's Addiction - Idiots Rule,Not Checked Yet,,,FALSE,
DLC1,Jane's Addiction - Jane Says,Not Checked Yet,,,FALSE,
DLC1,Jane's Addiction - Ocean Size,Not Checked Yet,,,FALSE,
DLC1,Jane's Addiction - Pig's in Zen,Not Checked Yet,,,FALSE,
DLC1,Jane's Addiction - Standing in the Shower... Thinking,Not Checked Yet,,,FALSE,
DLC1,Jane's Addiction - Summertime Rolls,Not Checked Yet,,,FALSE,
DLC1,"Jane's Addiction - Ted, Just Admit It",Not Checked Yet,,,FALSE,
DLC1,Jane's Addiction - Thank You Boys,Not Checked Yet,,,FALSE,
DLC1,Jane's Addiction - Up the Beach,Not Checked Yet,,,FALSE,
DLC1,Janis Joplin - Piece of My Heart,Not Checked Yet,,,FALSE,
DLC1,Jason Aldean - Crazy Town,Not Checked Yet,,,FALSE,
DLC1,Jason Aldean - She's Country,Not Checked Yet,,,FALSE,
DLC1,Jefferson Airplane - White Rabbit,Not Checked Yet,,,FALSE,
DLC1,Jet - She's a Genius,Not Checked Yet,,,FALSE,
DLC1,Jethro Tull - Hymn 43,Not Checked Yet,,,FALSE,
DLC1,Jimi Hendrix - Fire (Live),Not Checked Yet,,,FALSE,
DLC1,Jimi Hendrix - Stone Free,Not Checked Yet,,,FALSE,
DLC1,Jimi Hendrix - Valleys of Neptune,Not Checked Yet,,,FALSE,
DLC1,Jimmy Buffett - Cheeseburger in Paradise,Not Checked Yet,,,FALSE,
DLC1,Jimmy Buffett - Margaritaville,Not Checked Yet,,,FALSE,
DLC1,Jimmy Buffett - Volcano,Not Checked Yet,,,FALSE,
DLC1,Jimmy Eat World - Bleed American,Not Checked Yet,,,FALSE,
DLC1,Jimmy Eat World - Futures,Not Checked Yet,,,FALSE,
DLC1,Jimmy Eat World - Lucky Denver Mint,Not Checked Yet,,,FALSE,
DLC1,Jimmy Eat World - My Best Theory,Not Checked Yet,,,FALSE,
DLC1,Jimmy Eat World - Pain,Not Checked Yet,,,FALSE,
DLC1,Jimmy Eat World - Sweetness,Not Checked Yet,,,FALSE,
DLC1,Joan Jett & The Blackhearts - Fake Friends,Not Checked Yet,,,FALSE,
DLC1,Job For A Cowboy - Embedded,Not Checked Yet,,,FALSE,
DLC1,Joe Satriani - Satch Boogie,Not Checked Yet,,,FALSE,
DLC1,Joe Satriani - Surfing with the Alien,Not Checked Yet,,,FALSE,
DLC1,Johnny Cash - Ring Of Fire,Not Checked Yet,,,FALSE,
DLC1,Jonathan Coulton - Re Your Brains,Not Checked Yet,,,FALSE,
DLC1,Jonathan Coulton - Skullcrusher Mountain,Not Checked Yet,,,FALSE,
DLC1,Josh Turner - Would You Go With Me,Not Checked Yet,,,FALSE,
DLC1,Journey - Don't Stop Believing,Not Checked Yet,,,FALSE,
DLC1,Juanes - A Dios le Pido,Not Checked Yet,,,FALSE,
DLC1,Juanes - Fíjate Bien,Not Checked Yet,,,FALSE,
DLC1,Juanes - Gotas de Agua Dulce,Not Checked Yet,,,FALSE,
DLC1,Juanes - La Camisa Negra,Not Checked Yet,,,FALSE,
DLC1,Juanes - Mala Gente,Not Checked Yet,,,FALSE,
DLC1,Juanes - Yerbatero,Not Checked Yet,,,FALSE,
DLC1,Judas Priest - (Take These) Chains,Not Checked Yet,,,FALSE,
DLC1,Judas Priest - Bloodstone,Not Checked Yet,,,FALSE,
DLC1,Judas Priest - Breaking the Law (Live),Not Checked Yet,,,FALSE,
DLC1,Judas Priest - Devil's Child,Not Checked Yet,,,FALSE,
DLC1,Judas Priest - Dissident Aggressor (Live),Not Checked Yet,,,FALSE,
DLC1,Judas Priest - Eat Me Alive (Live),Not Checked Yet,,,FALSE,
DLC1,Judas Priest - Fever,Not Checked Yet,,,FALSE,
DLC1,Judas Priest - Grinder (Live),Not Checked Yet,,,FALSE,
DLC1,Judas Priest - Living After Midnight (Live),Not Checked Yet,,,FALSE,
DLC1,Judas Priest - Metal Gods (Live),Not Checked Yet,,,FALSE,
DLC1,Judas Priest - Pain And Pleasure,Not Checked Yet,,,FALSE,
DLC1,Judas Priest - Prophecy (Live),Not Checked Yet,,,FALSE,
DLC1,Judas Priest - Rapid Fire (Live),Not Checked Yet,,,FALSE,
DLC1,Judas Priest - Riding on the Wind,Not Checked Yet,,,FALSE,
DLC1,Judas Priest - Screaming For Vengeance,Not Checked Yet,,,FALSE,
DLC1,Judas Priest - Steeler (Live),Not Checked Yet,,,FALSE,
DLC1,Judas Priest - The Hellion-Electric Eye,Not Checked Yet,,,FALSE,
DLC1,Judas Priest - The Rage (Live),Not Checked Yet,,,FALSE,
DLC1,Judas Priest - United (Live),Not Checked Yet,,,FALSE,
DLC1,Judas Priest - You Don't Have to Be Old to Be Wise (Live),Not Checked Yet,,,FALSE,
DLC1,Judas Priest - You've Got Another Thing Comin',Not Checked Yet,,,FALSE,
DLC1,Juli - Perfekte Welle,Not Checked Yet,,,FALSE,
DLC1,Juliana Hatfield - Nirvana,Not Checked Yet,,,FALSE,
DLC1,Just Kait - U Suck,Not Checked Yet,,,FALSE,
DLC1,Justin Moore - Backwoods,Not Checked Yet,,,FALSE,
DLC1,Kaiser Chiefs - I Predict a Riot,Not Checked Yet,,,FALSE,
DLC1,Kansas - Icarus - Borne on Wings of Steel (Live),Not Checked Yet,,,FALSE,
DLC1,Kansas - Point of Know Return (Live),Not Checked Yet,,,FALSE,
DLC1,Kasabian - Club Foot,Not Checked Yet,,,FALSE,
DLC1,Kasabian - Shoot the Runner,Not Checked Yet,,,FALSE,
DLC1,Keith Urban - Days Go By,Not Checked Yet,,,FALSE,
DLC1,Keith Urban - I Told You So,Not Checked Yet,,,FALSE,
DLC1,Keith Urban - Kiss a Girl,Not Checked Yet,,,FALSE,
DLC1,Kelly Clarkson - Miss Independent,Not Checked Yet,,,FALSE,
DLC1,Kenny Chesney - She Thinks My Tractor's Sexy,Not Checked Yet,,,FALSE,
DLC1,Kenny Rogers - The Gambler,Not Checked Yet,,,FALSE,
DLC1,Killswitch Engage - My Curse,https://www.youtube.com/watch?v=iPW9AbRMwFU,-3503,100,TRUE,
DLC1,Kings Of Leon - Crawl,Not Checked Yet,,,FALSE,
DLC1,Kings Of Leon - Molly's Chambers,Not Checked Yet,,,FALSE,
DLC1,Kings Of Leon - Sex on Fire,Not Checked Yet,,,FALSE,
DLC1,"KISS - 100,000 Years (Live)",Not Checked Yet,,,FALSE,
DLC1,KISS - Calling Dr. Love,Not Checked Yet,,,FALSE,
DLC1,KISS - Deuce (Live),Not Checked Yet,,,FALSE,
DLC1,KISS - Parasite (Live),Not Checked Yet,,,FALSE,
DLC1,KMFDM - Sturm & Drang,Not Checked Yet,,,FALSE,
DLC1,KSM - Distracted,Not Checked Yet,,,FALSE,
DLC1,Kula Shaker - Hey Dude,Not Checked Yet,,,FALSE,
DLC1,Kula Shaker - Knight on the Town,Not Checked Yet,,,FALSE,
DLC1,Kutless - The Feeling,Not Checked Yet,,,FALSE,
DLC1,L7 - Andres,Not Checked Yet,,,FALSE,
DLC1,La Roux - Bulletproof,Not Checked Yet,,,FALSE,
DLC1,Lacuna Coil - Closer,https://www.youtube.com/watch?v=b6gFJogLJ_g,-17851,99.94,FALSE,
DLC1,Lacuna Coil - Swamped,https://www.youtube.com/watch?v=nOuxOUYycoU,-19086,99.98,TRUE,
DLC1,Lady Antebellum - Lookin' for a Good Time,Not Checked Yet,,,FALSE,
DLC1,Lady Antebellum - Perfect Day,Not Checked Yet,,,FALSE,
DLC1,Lady Gaga - Bad Romance,https://www.youtube.com/watch?v=qrO4YZeyl0I,10302,100,FALSE,"Desyncs towards the end, different edit"
DLC1,Lady Gaga - Just Dance,https://www.youtube.com/watch?v=2Abk1jAONjw,4129,100,FALSE,
DLC1,Lady Gaga - Monster,Not Found,,,FALSE,
DLC1,Lady Gaga - Poker Face,https://www.youtube.com/watch?v=bESGLojNYSo,375,100,FALSE,"Desyncs towards the end, different edit"
DLC1,Lamb of God - Laid to Rest,https://www.youtube.com/watch?v=HL9kaJZw8iw,-1376,100,FALSE,
DLC1,Laura Bell Bundy - Giddy On Up,Not Checked Yet,,,FALSE,
DLC1,Laura Bell Bundy - Rebound,Not Checked Yet,,,FALSE,
DLC1,Lenny Kravitz - Are You Gonna Go My Way,Not Checked Yet,,,FALSE,
DLC1,Lenny Kravitz - Freedom Train,Not Checked Yet,,,FALSE,
DLC1,Lenny Kravitz - Let Love Rule,Not Checked Yet,,,FALSE,
DLC1,Lenny Kravitz - Mr. Cab Driver,Not Checked Yet,,,FALSE,
DLC1,Les Wampas - Manu Chao,Not Checked Yet,,,FALSE,
DLC1,"Lesley Roy - I'm Gone, I'm Going",Not Checked Yet,,,FALSE,
DLC1,Lights Resolve - Dreaming of Love,Not Checked Yet,,,FALSE,
DLC1,Limp Bizkit - Build a Bridge,Not Checked Yet,,,FALSE,
DLC1,Little Fish - Am I Crazy,Not Checked Yet,,,FALSE,
DLC1,Little Fish - Bang Bang,Not Checked Yet,,,FALSE,
DLC1,Little Fish - Darling Dear,Not Checked Yet,,,FALSE,
DLC1,Liz Phair - Rock Me,Not Checked Yet,,,FALSE,
DLC1,Locksley - All Over Again,Not Checked Yet,,,FALSE,
DLC1,Locksley - Don't Make Me Wait,Not Checked Yet,,,FALSE,
DLC1,Locksley - She Does,Not Checked Yet,,,FALSE,
DLC1,Lucinda Williams - Can't Let Go,Not Checked Yet,,,FALSE,
DLC1,Luke Bryan - Rain Is a Good Thing,Not Checked Yet,,,FALSE,
DLC1,Luscious Jackson - Naked Eye,Not Checked Yet,,,FALSE,
DLC1,Lush - Sweetness and Light,Not Checked Yet,,,FALSE,
DLC1,Lynyrd Skynyrd - Gimme Three Steps,Not Checked Yet,,,FALSE,
DLC1,Lynyrd Skynyrd - Simple Man,Not Checked Yet,,,FALSE,
DLC1,Machine Head - Aesthetics of Hate,https://www.youtube.com/watch?v=6RBP8_QSg-c,-22981,100,FALSE,
DLC1,Marilyn Manson - Disposable Teens,https://www.youtube.com/watch?v=GKkiCFOE-Ic,-1126,100.05,FALSE,
DLC1,Marilyn Manson - The Dope Show,https://www.youtube.com/watch?v=5R682M3ZEyk,14264,100.1,FALSE,
DLC1,Maroon 5 - Little of Your Time,Not Checked Yet,,,FALSE,
DLC1,Maroon 5 - Makes Me Wonder,Not Checked Yet,,,FALSE,
DLC1,Maroon 5 - Wake Up Call,Not Checked Yet,,,FALSE,
DLC1,Martina McBride - This One's for the Girls,Not Checked Yet,,,FALSE,
DLC1,Maxïmo Park - Girls Who Play Guitars,Not Checked Yet,,,FALSE,
DLC1,MC Frontalot - Origin of Species,Not Checked Yet,,,FALSE,
DLC1,MC Frontalot ft. Brad Sucks - Livin' at the Corner of Dude & Catastrophe,Not Checked Yet,,,FALSE,
DLC1,Megadeth - Bad Omen,Not Found,,,FALSE,
DLC1,Megadeth - Dawn Patrol,Not Found,,,FALSE,
DLC1,Megadeth - Devil's Island,Not Found,,,FALSE,
DLC1,Megadeth - Five Magics,Not Found,,,FALSE,
DLC1,Megadeth - Good Mourning-Black Friday,Not Found,,,FALSE,
DLC1,Megadeth - Hangar 18,https://www.youtube.com/watch?v=rUGIocJK9Tc,6440,100,FALSE,"Different edit, no sync past first verse"
DLC1,Megadeth - Holy Wars... The Punishment Due,https://www.youtube.com/watch?v=9d4ui9q7eDM,-2419,100.4,FALSE,
DLC1,Megadeth - I Ain't Superstitious,Not Found,,,FALSE,
DLC1,Megadeth - Lucretia,Not Found,,,FALSE,
DLC1,Megadeth - My Last Words,Not Found,,,FALSE,
DLC1,Megadeth - Poison Was the Cure,Not Found,,,FALSE,
DLC1,Megadeth - Rust in Peace... Polaris,Not Found,,,FALSE,
DLC1,Megadeth - Sleepwalker,Not Found,,,FALSE,
DLC1,Megadeth - Take No Prisoners,Not Checked Yet,,,FALSE,
DLC1,Megadeth - The Conjuring,Not Checked Yet,,,FALSE,
DLC1,Megadeth - Tornado of Souls,Not Checked Yet,,,FALSE,
DLC1,Megadeth - Wake Up Dead,https://www.youtube.com/watch?v=4kSvN1dQjxc,19728,100.1,FALSE,
DLC1,Megasus - Megasus,Not Checked Yet,,,FALSE,
DLC1,Merle Haggard - Mama Tried,Not Checked Yet,,,FALSE,
DLC1,Metallica - ...And Justice for All,Not Checked Yet,,,FALSE,
DLC1,Metallica - Blackened,Not Checked Yet,,,FALSE,
DLC1,Metallica - Ride the Lightning,Not Checked Yet,,,FALSE,
DLC1,Miley Cyrus - 7 Things,Not Checked Yet,,,FALSE,
DLC1,Miley Cyrus - Can't Be Tamed,Not Checked Yet,,,FALSE,
DLC1,Miley Cyrus - Fly on the Wall,Not Checked Yet,,,FALSE,
DLC1,Miley Cyrus - Party in the U.S.A,Not Checked Yet,,,FALSE,
DLC1,Miley Cyrus - See You Again,Not Checked Yet,,,FALSE,
DLC1,Miley Cyrus - Start All Over,Not Checked Yet,,,FALSE,
DLC1,Ministry - Cuz U R Next,Not Checked Yet,,,FALSE,
DLC1,Ministry - Jesus Built My Hotrod,Not Checked Yet,,,FALSE,
DLC1,Ministry - LiesLiesLies,Not Checked Yet,,,FALSE,
DLC1,Ministry - Stigmata,Not Checked Yet,,,FALSE,
DLC1,Ministry - The Great Satan,Not Checked Yet,,,FALSE,
DLC1,Ministry - Thieves,Not Checked Yet,,,FALSE,
DLC1,Miranda Cosgrove - Headphones On,Not Checked Yet,,,FALSE,
DLC1,Miranda Lambert - Gunpowder & Lead,Not Checked Yet,,,FALSE,
DLC1,Mission of Burma - Mica,Not Checked Yet,,,FALSE,
DLC1,Mission of Burma - That's How I Escaped My Certain Fate,Not Checked Yet,,,FALSE,
DLC1,Mission of Burma - That's When I Reach for My Revolver,Not Checked Yet,,,FALSE,
DLC1,Montgomery Gentry - Gone,Not Checked Yet,,,FALSE,
DLC1,Morningwood - Best of Me,Not Checked Yet,,,FALSE,
DLC1,Morningwood - Sugarbaby,Not Checked Yet,,,FALSE,
DLC1,"Morrissey - Irish Blood, English Heart",Not Checked Yet,,,FALSE,
DLC1,Mötley Crüe - Don't Go Away Mad (Just Go Away),Not Checked Yet,,,FALSE,
DLC1,Mötley Crüe - Down at the Whisky,Not Checked Yet,,,FALSE,
DLC1,Mötley Crüe - Dr. Feelgood,Not Checked Yet,,,FALSE,
DLC1,Mötley Crüe - Face Down in the Dirt,Not Checked Yet,,,FALSE,
DLC1,Mötley Crüe - Kickstart My Heart,Not Checked Yet,,,FALSE,
DLC1,Mötley Crüe - Rattlesnake Shake,Not Checked Yet,,,FALSE,
DLC1,Mötley Crüe - Saints of Los Angeles,Not Checked Yet,,,FALSE,
DLC1,Mötley Crüe - Same Ol' Situation (S.O.S.),Not Checked Yet,,,FALSE,
DLC1,Mötley Crüe - She Goes Down,Not Checked Yet,,,FALSE,
DLC1,Mötley Crüe - Slice of Your Pie,Not Checked Yet,,,FALSE,
DLC1,Mötley Crüe - Sticky Sweet,Not Checked Yet,,,FALSE,
DLC1,Mötley Crüe - Time For Change,Not Checked Yet,,,FALSE,
DLC1,Mötley Crüe - Without You,Not Checked Yet,,,FALSE,
DLC1,Motörhead - (We Are) The Road Crew '08,Not Checked Yet,,,FALSE,
DLC1,Motörhead - Killed by Death '08,Not Checked Yet,,,FALSE,
DLC1,Muse - Hysteria,https://www.youtube.com/watch?v=3dm_5qWWDV8,-2502,99.9,TRUE,
DLC1,Mute Math - Control,Not Checked Yet,,,FALSE,
DLC1,Mute Math - Typical,Not Checked Yet,,,FALSE,
DLC1,My Chemical Romance - I'm Not Okay (I Promise),Not Checked Yet,,,FALSE,
DLC1,My Chemical Romance - Welcome to the Black Parade,Not Checked Yet,,,FALSE,
DLC1,Nazareth - Hair of the Dog,Not Checked Yet,,,FALSE,
DLC1,Neil Peart - The Hockey Theme,Not Checked Yet,,,FALSE,
DLC1,Neko Case - People Got a Lotta Nerve,Not Checked Yet,,,FALSE,
DLC1,Neon Trees - 1983,Not Checked Yet,,,FALSE,
DLC1,Neon Trees - Animal,Not Checked Yet,,,FALSE,
DLC1,Neon Trees - Sins of My Youth,Not Checked Yet,,,FALSE,
DLC1,Nickelback - Burn It to the Ground,Not Checked Yet,,,FALSE,
DLC1,Nickelback - Figured You Out,Not Checked Yet,,,FALSE,
DLC1,Nickelback - Never Again,Not Checked Yet,,,FALSE,
DLC1,Nickelback - Photograph,Not Checked Yet,,,FALSE,
DLC1,Nickelback - Rockstar,Not Checked Yet,,,FALSE,
DLC1,Nickelback - This Afternoon,Not Checked Yet,,,FALSE,
DLC1,Night Ranger - (You Can Still) Rock in America,Not Checked Yet,,,FALSE,
DLC1,Night Ranger - Don't Tell Me You Love Me,Not Checked Yet,,,FALSE,
DLC1,Night Ranger - You're Gonna Hear from Me,Not Checked Yet,,,FALSE,
DLC1,Nikko - Break My Heart,Not Checked Yet,,,FALSE,
DLC1,Nikko - Don't Tell Me,Not Checked Yet,,,FALSE,
DLC1,Nine Inch Nails - Burn,https://www.youtube.com/watch?v=XdhKnAw6VZw,-9543,100,FALSE,"Different edit, desync in 2nd half"
DLC1,Nine Inch Nails - Capital G,Not Found,,,FALSE,
DLC1,Nine Inch Nails - Last,Not Found,,,FALSE,
DLC1,Nine Inch Nails - March Of The Pigs,https://www.youtube.com/watch?v=GHPkJkBS1vE,4404,100.2,FALSE,
DLC1,Nine Inch Nails - The Collector,Not Found,,,FALSE,
DLC1,Nine Inch Nails - The Perfect Drug,https://www.youtube.com/watch?v=dn3j6-yQKWQ,-2753,100,FALSE,"Different edit, desync in 2nd half"
DLC1,Nirvana - About a Girl,Not Found,,,FALSE,
DLC1,Nirvana - Blew,Not Found,,,FALSE,
DLC1,Nirvana - Breed,Not Found,,,FALSE,
DLC1,Nirvana - Come As You Are (Live from MTV Unplugged),https://www.youtube.com/watch?v=z9LiPuVRyU8,4972,100,FALSE,
DLC1,Nirvana - Lithium (Live at Reading),https://www.youtube.com/watch?v=SJLe1UTqKvA,-360,100,FALSE,
DLC1,Nirvana - Lounge Act,Not Found,,,FALSE,
DLC1,Nirvana - On A Plain,Not Found,,,FALSE,
DLC1,Nirvana - Polly,Not Found,,,FALSE,
DLC1,Nirvana - School,Not Found,,,FALSE,
DLC1,Nirvana - Smells Like Teen Spirit,https://www.youtube.com/watch?v=hTWKbfoikeg,-11553,99.8,FALSE,"Short Edit, desync at solo, intro shortened, could reedit"
DLC1,Nirvana - Something In The Way,Not Found,,,FALSE,
DLC1,Nirvana - Stay Away,Not Found,,,FALSE,
DLC1,Nirvana - Territorial Pissings,Not Found,,,FALSE,
DLC1,No Doubt - Bathwater,https://www.youtube.com/watch?v=8k_g9hDeOic,-1543,100,FALSE,
DLC1,No Doubt - Different People,Not Found,,,FALSE,
DLC1,No Doubt - Don't Speak,https://www.youtube.com/watch?v=TR3Vdo5etCQ,23680,100,FALSE,
DLC1,No Doubt - End It on This,Not Found,,,FALSE,
DLC1,No Doubt - Excuse Me Mr,https://www.youtube.com/watch?v=it1aZBPuH4w,-3240,100,FALSE,Desync due to story edit
DLC1,No Doubt - Ex-Girlfriend,https://www.youtube.com/watch?v=8Yqru5UXWGY,7883,100,FALSE,
DLC1,No Doubt - Happy Now,Not Found,,,FALSE,
DLC1,No Doubt - Hella Good,https://www.youtube.com/watch?v=QtTj4cramPM,-709,100,FALSE,
DLC1,No Doubt - Hey Baby,https://www.youtube.com/watch?v=wt1YkGO2Ieo,-1543,99.9,FALSE,
DLC1,No Doubt - Hey You,Not Found,,,FALSE,
DLC1,No Doubt - It's My Life,https://www.youtube.com/watch?v=ubvV498pyIM,42,100,FALSE,
DLC1,No Doubt - Just a Girl,https://www.youtube.com/watch?v=PHzOOQfhPFg,-3042,100.14,FALSE,
DLC1,No Doubt - New,https://www.youtube.com/watch?v=HLaopjOTeOM,-2000,100.05,FALSE,
DLC1,No Doubt - Running,https://www.youtube.com/watch?v=3H2l9Lo-jPk,-2127,99.9,FALSE,
DLC1,No Doubt - Simple Kind of Life,https://www.youtube.com/watch?v=kRpZJ9EgJho,-3670,100.02,FALSE,
DLC1,No Doubt - Sixteen,Not Found,,,FALSE,
DLC1,No Doubt - Spiderwebs,https://www.youtube.com/watch?v=6ZktNItwexo,3128,100.15,FALSE,"Lose sync near the end, different edit"
DLC1,No Doubt - Sunday Morning,https://www.youtube.com/watch?v=PiBX-ESFDF0,-3336,99.72,FALSE,
DLC1,No Doubt - The Climb,Not Found,,,FALSE,
DLC1,No Doubt - Tragic Kingdom,Not Found,,,FALSE,
DLC1,No Doubt - Underneath It All,https://www.youtube.com/watch?v=RvuVFHTvdaY,-5130,100,FALSE,"Lose sync 3:50 in, different cut"
DLC1,No Doubt - World Go 'Round,Not Found,,,FALSE,
DLC1,No Doubt - You Can Do It,Not Found,,,FALSE,
DLC1,Oasis - Don't Look Back In Anger,https://www.youtube.com/watch?v=cmpRLQZkTb8,-5240,100,FALSE,
DLC1,Oasis - Live Forever,https://www.youtube.com/watch?v=TDe1DqxwJoc,-2040,100,FALSE,
DLC1,Oasis - Rock 'n' Roll Star,https://www.youtube.com/watch?v=3aatEBIZHNU,-6715,100.1,FALSE,"Shorter cut, desync 3+ minutes in"
DLC1,Oasis - Supersonic (Live),Not Found,,,FALSE,
DLC1,Oasis - Wonderwall,https://www.youtube.com/watch?v=bx1Bh8ZvH84,10200,100.13,FALSE,
DLC1,Old 97's - Time Bomb (Live),Not Checked Yet,,,FALSE,
DLC1,One Night Only - Just for Tonight,Not Checked Yet,,,FALSE,
DLC1,OneRepublic - Stop and Stare,Not Checked Yet,,,FALSE,
DLC1,Opiate for the Masses - Burn You Down,https://www.youtube.com/watch?v=J7PGsyt3zGQ,-2436,100,TRUE,
DLC1,Orianthi - According to You,https://www.youtube.com/watch?v=Pu1aQvm5MrU,167,100,FALSE,
DLC1,Otis Redding - (Sittin' on the) Dock of the Bay (Take 2),Not Checked Yet,,,FALSE,
DLC1,Otis Redding - Fa-Fa-Fa-Fa-Fa (Sad Song),Not Checked Yet,,,FALSE,
DLC1,Otis Redding - I'm Sick Y'all,Not Checked Yet,,,FALSE,
DLC1,Otis Redding - I've Got Dreams to Remember,Not Checked Yet,,,FALSE,
DLC1,Otis Redding - Love Man,Not Checked Yet,,,FALSE,
DLC1,Ozzy Osbourne - Crazy Babies,https://www.youtube.com/watch?v=MyR0r1m8enQ,1535,100,FALSE,
DLC1,Ozzy Osbourne - Diggin' Me Down,Not Found,,,FALSE,
DLC1,Ozzy Osbourne - I Don't Wanna Stop,Not Found,,,FALSE,
DLC1,Ozzy Osbourne - Let Me Hear You Scream,https://www.youtube.com/watch?v=GRqpOhkdhTM,1835,100,FALSE,
DLC1,Ozzy Osbourne - No More Tears,https://www.youtube.com/watch?v=CprfjfN5PRs,-25759,100.15,FALSE,"Different edit, desyncs 2 minutes in"
DLC1,Ozzy Osbourne - Soul Sucker,Not Found,,,FALSE,
DLC1,P!nk - Who Knew,https://www.youtube.com/watch?v=NJWIbIe0N90,1869,100,FALSE,
DLC1,P.O.D - Alive,https://www.youtube.com/watch?v=ce2KN06dS7c,-2211,100.1,FALSE,
DLC1,Panic at the Disco - She's a Handsome Woman,Not Checked Yet,,,FALSE,
DLC1,Pantera - (Reprise) Sandblasted Skin,Not Found,,,FALSE,
DLC1,Pantera - 10's,Not Found,,,FALSE,
DLC1,Pantera - 13 Steps to Nowhere,Not Found,,,FALSE,
DLC1,Pantera - Drag the Waters,https://www.youtube.com/watch?v=4hx8TW6sYys,6306,100,FALSE,
DLC1,Pantera - Floods,Not Found,,,FALSE,
DLC1,Pantera - Living Through Me (Hell's Wrath),Not Found,,,FALSE,
DLC1,Pantera - Suicide Note Pt. II,Not Found,,,FALSE,
DLC1,Pantera - The Great Southern Trendkill,Not Found,,,FALSE,
DLC1,Pantera - The Underground in America,Not Found,,,FALSE,
DLC1,Pantera - War Nerve,Not Found,,,FALSE,
DLC1,Papa Roach - Last Resort,https://www.youtube.com/watch?v=j0lSpNtjPM8,-5463,100.12,FALSE,
DLC1,Papa Roach - Lifeline,https://www.youtube.com/watch?v=TxVACta6dbA,-3879,100,FALSE,
DLC1,Papa Roach - Time Is Running Out,Not Found,,,FALSE,
DLC1,Paramore - Crushcrushcrush,https://www.youtube.com/watch?v=ei8hPkyJ0bU,459,100,FALSE,
DLC1,Pat Benatar - Heartbreaker,Not Checked Yet,,,FALSE,
DLC1,Pat Benatar - Hit Me With Your Best Shot,Not Checked Yet,,,FALSE,
DLC1,Paul and Storm - Opening Band,Not Checked Yet,,,FALSE,
DLC1,Paul McCartney - Band on the Run (Live),Not Checked Yet,,,FALSE,
DLC1,Paul McCartney - Jet (Live),Not Checked Yet,,,FALSE,
DLC1,Paul McCartney - Sing the Changes (Live),Not Checked Yet,,,FALSE,
DLC1,Pearl Jam - Alive (Live Drop in the Park),Not Found,,,FALSE,
DLC1,Pearl Jam - Amongst the Waves,Not Found,,,FALSE,Only live version available
DLC1,Pearl Jam - Black,Not Found,,,FALSE,
DLC1,Pearl Jam - Brother,Not Found,,,FALSE,
DLC1,Pearl Jam - Deep,Not Found,,,FALSE,
DLC1,Pearl Jam - Even Flow,https://www.youtube.com/watch?v=CxKWTzr-k6s,9343,100.5,FALSE,"Live version, syncs ok"
DLC1,Pearl Jam - Force of Nature,Not Found,,,FALSE,
DLC1,Pearl Jam - Garden,Not Found,,,FALSE,
DLC1,Pearl Jam - Gonna See My Friend,Not Found,,,FALSE,
DLC1,Pearl Jam - Got Some,Not Found,,,FALSE,
DLC1,Pearl Jam - Jeremy,https://www.youtube.com/watch?v=MS91knuzoOA,13430,100.05,FALSE,
DLC1,Pearl Jam - Johnny Guitar,Not Found,,,FALSE,
DLC1,Pearl Jam - Just Breathe,https://www.youtube.com/watch?v=XTb9GNIxpMk,-1080,98,FALSE,"Live, syncs ok"
DLC1,Pearl Jam - Master-Slave,Not Found,,,FALSE,
DLC1,Pearl Jam - Oceans,https://www.youtube.com/watch?v=4WOk7UNAvOw,-5472,99.9,FALSE,
DLC1,Pearl Jam - Once,Not Found,,,FALSE,
DLC1,Pearl Jam - Porch,Not Found,,,FALSE,
DLC1,Pearl Jam - Release,Not Found,,,FALSE,
DLC1,Pearl Jam - Speed of Sound,Not Found,,,FALSE,
DLC1,Pearl Jam - State of Love and Trust (Live Drop in the Park),Not Found,,,FALSE,
DLC1,Pearl Jam - Supersonic,Not Found,,,FALSE,
DLC1,Pearl Jam - The End,Not Found,,,FALSE,
DLC1,Pearl Jam - The Fixer,https://www.youtube.com/watch?v=PdF1Rqet9E8,760,100,FALSE,Live
DLC1,Pearl Jam - Unthought Known,Not Found,,,FALSE,
DLC1,Pearl Jam - Why Go,Not Found,,,FALSE,
DLC1,Phish - Wilson (Live),Not Checked Yet,,,FALSE,
DLC1,Phoenix - 1901,Not Checked Yet,,,FALSE,
DLC1,Phoenix - Lisztomania,Not Checked Yet,,,FALSE,
DLC1,Picture Me Broken - Dearest (I'm So Sorry),Not Checked Yet,,,FALSE,
DLC1,Pixies - Crackity Jones,Not Checked Yet,,,FALSE,
DLC1,Pixies - Dead,Not Checked Yet,,,FALSE,
DLC1,Pixies - Debaser,Not Checked Yet,,,FALSE,
DLC1,Pixies - Gouge Away,Not Checked Yet,,,FALSE,
DLC1,Pixies - Here Comes Your Man,Not Checked Yet,,,FALSE,
DLC1,Pixies - Hey,Not Checked Yet,,,FALSE,
DLC1,Pixies - I Bleed,Not Checked Yet,,,FALSE,
DLC1,Pixies - La La Love You,Not Checked Yet,,,FALSE,
DLC1,Pixies - Monkey Gone to Heaven,Not Checked Yet,,,FALSE,
DLC1,Pixies - Mr. Grieves,Not Checked Yet,,,FALSE,
DLC1,Pixies - No. 13 Baby,Not Checked Yet,,,FALSE,
DLC1,Pixies - Silver,Not Checked Yet,,,FALSE,
DLC1,Pixies - Tame,Not Checked Yet,,,FALSE,
DLC1,Pixies - There Goes My Gun,Not Checked Yet,,,FALSE,
DLC1,Plain White T's - Natural Disaster,Not Checked Yet,,,FALSE,
DLC1,Platero y Tú - Hay Poco Rock & Roll,Not Checked Yet,,,FALSE,
DLC1,Pleymo - New Wave,Not Checked Yet,,,FALSE,
DLC1,Prong - Idealistic Types,Not Checked Yet,,,FALSE,
DLC1,Prong - The Banishment,Not Checked Yet,,,FALSE,
DLC1,Queen - Another One Bites the Dust,https://www.youtube.com/watch?v=rY0WxgSXdEE,2000,96.9,FALSE,
DLC1,Queen - Crazy Little Thing Called Love,https://www.youtube.com/watch?v=zO6D_BAuYCI,900,100.32,FALSE,
DLC1,Queen - Fat Bottomed Girls,https://www.youtube.com/watch?v=VMnjF1O4eH0,1067,99.2,FALSE,
DLC1,Queen - I Want It All,https://www.youtube.com/watch?v=hFDcoX7s6rE,-2625,100.15,FALSE,
DLC1,Queen - I Want To Break Free,https://www.youtube.com/watch?v=f4Mc-NYPHaQ,7400,100.2,FALSE,
DLC1,Queen - Killer Queen,https://www.youtube.com/watch?v=2ZBtPf7FOoM,4600,101.85,TRUE,
DLC1,Queen - One Vision,https://www.youtube.com/watch?v=-OGd4gplxQM,5500,99.9,FALSE,"Extended, official at https://www.youtube.com/watch?v=0_1IMZmJe-U"
DLC1,Queen - Somebody To Love,https://www.youtube.com/watch?v=kijpcUv-b8M,800,100.11,FALSE,
DLC1,Queen - Tie Your Mother Down,https://www.youtube.com/watch?v=LvB2MnIIdMw,2267,99.456,FALSE,
DLC1,Queen - Under Pressure,https://www.youtube.com/watch?v=a01QQZyl-_I,1867,100.44,FALSE,
DLC1,Queens of the Stone Age - 3's & 7's,https://www.youtube.com/watch?v=BgVfjXA_QY0,3670,100,FALSE,
DLC1,Queens of the Stone Age - Little Sister,https://www.youtube.com/watch?v=hGRqnNEOpe0,-542,100,FALSE,
DLC1,"Queens of the Stone Age - Sick, Sick, Sick",https://www.youtube.com/watch?v=oHDaKtx6bGY,-3837,100,FALSE,
DLC1,R.E.M - Driver 8,Not Checked Yet,,,FALSE,
DLC1,R.E.M - It's the End of the World as We Know It,Not Checked Yet,,,FALSE,
DLC1,R.E.M - Living Well Is the Best Revenge,Not Checked Yet,,,FALSE,
DLC1,R.E.M - Losing My Religion,Not Checked Yet,,,FALSE,
DLC1,R.E.M - Radio Free Europe,Not Checked Yet,,,FALSE,
DLC1,R.E.M - Stand,Not Checked Yet,,,FALSE,
DLC1,R.E.M - Superman,Not Checked Yet,,,FALSE,
DLC1,R.E.M - These Days,Not Checked Yet,,,FALSE,
DLC1,"R.E.M - What's the Frequency, Kenneth",Not Checked Yet,,,FALSE,
DLC1,Radiohead - My Iron Lung,Not Checked Yet,,,FALSE,
DLC1,Rage Against the Machine - Bulls on Parade,https://www.youtube.com/watch?v=3L4YrGaR8E4,-1802,99.56,FALSE,
DLC1,Rage Against the Machine - Guerrilla Radio,https://www.youtube.com/watch?v=Rm1nCYOZB-s,7549,99.99,FALSE,
DLC1,Ramones - Rock 'n' Roll High School,Not Checked Yet,,,FALSE,
DLC1,Ramones - Rockaway Beach,Not Checked Yet,,,FALSE,
DLC1,Ramones - Teenage Lobotomy,Not Checked Yet,,,FALSE,
DLC1,Rancid - Last One to Die,Not Checked Yet,,,FALSE,
DLC1,Rancid - Ruby Soho,Not Checked Yet,,,FALSE,
DLC1,Rancid - Time Bomb,Not Checked Yet,,,FALSE,
DLC1,Rascal Flatts - Me and My Gang,Not Checked Yet,,,FALSE,
DLC1,Rascal Flatts - Summer Nights,Not Checked Yet,,,FALSE,
DLC1,Reba McEntire - Fancy,Not Checked Yet,,,FALSE,
DLC1,Reba McEntire - The Night The Lights Went Out In Georgia,Not Checked Yet,,,FALSE,
DLC1,Red Hot Chili Peppers - Apache Rose Peacock,Not Found,,,FALSE,
DLC1,Red Hot Chili Peppers - Blood Sugar Sex Magik,Not Found,,,FALSE,
DLC1,Red Hot Chili Peppers - Breaking the Girl,https://www.youtube.com/watch?v=iyu04pqC8lE,-2903,100.125,FALSE,"Desync in 2nd half, different edit"
DLC1,Red Hot Chili Peppers - Funky Monks,Not Found,,,FALSE,
DLC1,Red Hot Chili Peppers - I Could Have Lied,Not Found,,,FALSE,
DLC1,Red Hot Chili Peppers - If You Have to Ask,Not Found,,,FALSE,
DLC1,Red Hot Chili Peppers - Mellowship Slinky in B Major,Not Found,,,FALSE,
DLC1,Red Hot Chili Peppers - My Lovely Man,Not Found,,,FALSE,
DLC1,Red Hot Chili Peppers - Naked in the Rain,Not Found,,,FALSE,
DLC1,Red Hot Chili Peppers - Sir Psycho Sexy,Not Found,,,FALSE,
DLC1,Red Hot Chili Peppers - Snow ((Hey Oh)),https://www.youtube.com/watch?v=yuFI5KSPAt4,-2586,99.9,FALSE,
DLC1,Red Hot Chili Peppers - Suck My Kiss,https://www.youtube.com/watch?v=C6jElKMMOWM,-4004,100,FALSE,
DLC1,Red Hot Chili Peppers - Tell Me Baby,https://www.youtube.com/watch?v=oDNcL1VP3rY,47047,100.22,FALSE,
DLC1,Red Hot Chili Peppers - The Greeting Song,Not Found,,,FALSE,
DLC1,Red Hot Chili Peppers - The Power of Equality,Not Found,,,FALSE,
DLC1,Red Hot Chili Peppers - The Righteous and the Wicked,Not Found,,,FALSE,
DLC1,Red Hot Chili Peppers - They're Red Hot,Not Found,,,FALSE,
DLC1,Red Hot Chili Peppers - Under the Bridge,https://www.youtube.com/watch?v=GLvohMXgcBo,-5939,100.05,FALSE,
DLC1,REO Speedwagon - Ridin' the Storm Out,Not Checked Yet,,,FALSE,
DLC1,REO Speedwagon - Roll with the Changes,Not Checked Yet,,,FALSE,
DLC1,REO Speedwagon - Take It on the Run,Not Checked Yet,,,FALSE,
DLC1,Richard Thompson - The Way That It Shows,Not Checked Yet,,,FALSE,
DLC1,Rise Against - Prayer of the Refugee,Not Checked Yet,,,FALSE,
DLC1,Rise Against - Re-Education (Through Labor),Not Checked Yet,,,FALSE,
DLC1,Rise Against - Savior,Not Checked Yet,,,FALSE,
DLC1,Rob Zombie - Burn,Not Found,,,FALSE,
DLC1,Rob Zombie - Dragula,https://www.youtube.com/watch?v=EqQuihD0hoI,0,100,FALSE,
DLC1,Rob Zombie - Superbeast,https://www.youtube.com/watch?v=uHBtpqbOKXk,-4004,100,FALSE,"Desyncs near the end, a few seconds are cut in the video"
DLC1,Rob Zombie - War Zone,Not Found,,,FALSE,
DLC1,Roy Orbison - Claudette,Not Checked Yet,,,FALSE,
DLC1,Roy Orbison - In Dreams,Not Checked Yet,,,FALSE,
DLC1,Roy Orbison - Mean Woman Blues,Not Checked Yet,,,FALSE,
DLC1,"Roy Orbison - Oh, Pretty Woman",Not Checked Yet,,,FALSE,
DLC1,Roy Orbison - Ooby Dooby,Not Checked Yet,,,FALSE,
DLC1,Roy Orbison - You Got It,Not Checked Yet,,,FALSE,
DLC1,Rush - Closer to the Heart,Not Checked Yet,,,FALSE,
DLC1,Rush - Limelight,Not Checked Yet,,,FALSE,
DLC1,Rush - Limelight (Original Version),Not Checked Yet,,,FALSE,
DLC1,Rush - Red Barchetta,Not Checked Yet,,,FALSE,
DLC1,Rush - The Camera Eye,Not Checked Yet,,,FALSE,
DLC1,Rush - Tom Sawyer (Original Version),Not Checked Yet,,,FALSE,
DLC1,Rush - Vital Signs,Not Checked Yet,,,FALSE,
DLC1,Rush - Witch Hunt (Part III of Fear),Not Checked Yet,,,FALSE,
DLC1,Rush - Working Man,Not Checked Yet,,,FALSE,
DLC1,Rush - Working Man (Vault Edition),Not Checked Yet,,,FALSE,
DLC1,Rush - YYZ,Not Checked Yet,,,FALSE,
DLC1,Sara Evans - Suds in the Bucket,Not Checked Yet,,,FALSE,
DLC1,Scars on Broadway - They Say,Not Checked Yet,,,FALSE,
DLC1,Screaming Trees - Nearly Lost You,Not Checked Yet,,,FALSE,
DLC1,Semi Precious Weapons - Magnetic Baby,Not Checked Yet,,,FALSE,
DLC1,Serj Tankian - Beethoven's C,https://www.youtube.com/watch?v=9FPm1aDLmWA,-4304,100.1,TRUE,
DLC1,Serj Tankian - Empty Walls,https://www.youtube.com/watch?v=dGWQqRyO8gA,2336,100,TRUE,
DLC1,Serj Tankian - Sky Is Over,https://www.youtube.com/watch?v=PHzAavDjTR0,-1501,100,TRUE,
DLC1,Shaimus - All of This,Not Checked Yet,,,FALSE,
DLC1,Shaimus - Like a Fool,Not Checked Yet,,,FALSE,
DLC1,Shaimus - Tie You Down,Not Checked Yet,,,FALSE,
DLC1,Shania Twain - Any Man of Mine,Not Checked Yet,,,FALSE,
DLC1,Shania Twain - Party for Two (with Billy Currington),Not Checked Yet,,,FALSE,
DLC1,Shinedown - Devour,Not Checked Yet,,,FALSE,
DLC1,Shinedown - Junkies for Fame,Not Checked Yet,,,FALSE,
DLC1,Shooter Jennings - Steady at the Wheel,Not Checked Yet,,,FALSE,
DLC1,Silverchair - Straight Lines,https://www.youtube.com/watch?v=47P3bzefCVI,-2720,100,FALSE,
DLC1,Silverchair - Tomorrow,https://www.youtube.com/watch?v=PjsMnvqL7eY,600,100,FALSE,"Seems to be different version, cant get a good sync"
DLC1,Silversun Pickups - Melatonin,Not Checked Yet,,,FALSE,
DLC1,Silversun Pickups - Panic Switch,Not Checked Yet,,,FALSE,
DLC1,Silversun Pickups - Sort Of,Not Checked Yet,,,FALSE,
DLC1,Silversun Pickups - Well Thought Out Twinkles,Not Checked Yet,,,FALSE,
DLC1,Silvertide - Blue Jeans,Not Checked Yet,,,FALSE,
DLC1,Simon & Garfunkel - I Am a Rock,Not Checked Yet,,,FALSE,
DLC1,Simon & Garfunkel - The Sounds of Silence,Not Checked Yet,,,FALSE,
DLC1,Siouxsie and The Banshees - Hong Kong Garden,Not Checked Yet,,,FALSE,
DLC1,Siouxsie and The Banshees - Kiss Them for Me,Not Checked Yet,,,FALSE,
DLC1,Siouxsie and The Banshees - Peek-a-Boo,Not Checked Yet,,,FALSE,
DLC1,Siouxsie and The Banshees - The Killing Jar,Not Checked Yet,,,FALSE,
DLC1,Sixx A.M - Life is Beautiful,Not Checked Yet,,,FALSE,
DLC1,Skillet - Monster,Not Checked Yet,,,FALSE,
DLC1,Slayer - Black Magic,Not Found,,,FALSE,
DLC1,Sleater-Kinney - You're No Rock N' Roll Fun,Not Checked Yet,,,FALSE,
DLC1,Slipknot - Duality,https://www.youtube.com/watch?v=6fVE8kSM43I,-2085,100,FALSE,"Different edit, could recut"
DLC1,Slipknot - Psychosocial,https://www.youtube.com/watch?v=5abamRO41fE,1501,100,FALSE,
DLC1,Slipknot - Sulfur,https://www.youtube.com/watch?v=PAAvNmoqDq0,5881,100,FALSE,
DLC1,Smash Mouth - All Star,Not Checked Yet,,,FALSE,
DLC1,Smashing Pumpkins - Siva,Not Checked Yet,,,FALSE,
DLC1,Smashing Pumpkins - Zero,Not Checked Yet,,,FALSE,
DLC1,Snoop Dogg - Beautiful,Not Checked Yet,,,FALSE,
DLC1,Snoop Dogg - Drop It Like It's Hot,Not Checked Yet,,,FALSE,
DLC1,Snoop Dogg - Ridin' in My Chevy,Not Checked Yet,,,FALSE,
DLC1,Snoop Dogg - Sensual Seduction,Not Checked Yet,,,FALSE,
DLC1,Snoop Dogg - Snoop's Upside Ya Head,Not Checked Yet,,,FALSE,
DLC1,Snoop Dogg - Tha Shiznit,Not Checked Yet,,,FALSE,
DLC1,Snoop Dogg - That's tha Homie,Not Checked Yet,,,FALSE,
DLC1,Snoop Dogg - Who Am I (What's My Name),Not Checked Yet,,,FALSE,
DLC1,Snow Patrol - Take Back the City,Not Checked Yet,,,FALSE,
DLC1,Social Distortion - Bad Luck,Not Checked Yet,,,FALSE,
DLC1,Social Distortion - Ring of Fire,Not Checked Yet,,,FALSE,
DLC1,Social Distortion - Story of My Life,Not Checked Yet,,,FALSE,
DLC1,Sonic Youth - Kool Thing,Not Checked Yet,,,FALSE,
DLC1,Soundgarden - Jesus Christ Pose,https://www.youtube.com/watch?v=14r7y6rM6zA,29396,100,FALSE,
DLC1,Soundgarden - Pretty Noose,https://www.youtube.com/watch?v=f8nkHrv_4Mg,-3921,100,FALSE,
DLC1,Spinal Tap - (Funky) Sex Farm,Not Checked Yet,,,FALSE,
DLC1,Spinal Tap - (Listen to the) Flower People (Reggae Stylee),Not Checked Yet,,,FALSE,
DLC1,Spinal Tap - America,Not Checked Yet,,,FALSE,
DLC1,Spinal Tap - Back From The Dead,Not Checked Yet,,,FALSE,
DLC1,Spinal Tap - Big Bottom,Not Checked Yet,,,FALSE,
DLC1,Spinal Tap - Cups and Cakes,Not Checked Yet,,,FALSE,
DLC1,Spinal Tap - Gimme Some Money,Not Checked Yet,,,FALSE,
DLC1,Spinal Tap - Heavy Duty,Not Checked Yet,,,FALSE,
DLC1,Spinal Tap - Hell Hole,Not Checked Yet,,,FALSE,
DLC1,Spinal Tap - Rock 'n' Roll Creation,Not Checked Yet,,,FALSE,
DLC1,Spinal Tap - Rock 'n' Roll Nightmare,Not Checked Yet,,,FALSE,
DLC1,Spinal Tap - Saucy Jack,Not Checked Yet,,,FALSE,
DLC1,Spinal Tap - Stonehenge,Not Checked Yet,,,FALSE,
DLC1,Spinal Tap - Tonight I'm Gonna Rock You Tonight,Not Checked Yet,,,FALSE,
DLC1,Spinal Tap - Warmer Than Hell,Not Checked Yet,,,FALSE,
DLC1,SpongeBob SquarePants - A Day Like This,Not Checked Yet,,,FALSE,
DLC1,SpongeBob SquarePants - Employee of the Month,Not Checked Yet,,,FALSE,
DLC1,SpongeBob SquarePants - I Can't Keep My Eyes Off of You,Not Checked Yet,,,FALSE,
DLC1,SpongeBob SquarePants - Ridin' the Hook,Not Checked Yet,,,FALSE,
DLC1,SpongeBob SquarePants - The Best Day Ever,Not Checked Yet,,,FALSE,
DLC1,SpongeBob SquarePants - Where's Gary,Not Checked Yet,,,FALSE,
DLC1,Spoon - Don't You Evah,Not Checked Yet,,,FALSE,
DLC1,Spoon - Got Nuffin,Not Checked Yet,,,FALSE,
DLC1,Spoon - I Turn My Camera On,Not Checked Yet,,,FALSE,
DLC1,Spoon - Trouble Comes Running,Not Checked Yet,,,FALSE,
DLC1,Squeeze - Tempted,Not Checked Yet,,,FALSE,
DLC1,Staind - This Is It,Not Checked Yet,,,FALSE,
DLC1,Static-X - Push It,Not Checked Yet,,,FALSE,
DLC1,Steely Dan - Black Friday,Not Checked Yet,,,FALSE,
DLC1,Steely Dan - My Old School,Not Checked Yet,,,FALSE,
DLC1,Stephen and the Colberts - Charlene (I'm Right Behind You),Not Checked Yet,,,FALSE,
DLC1,Steve Earle - Satellite Radio,Not Checked Yet,,,FALSE,
DLC1,Steve Miller Band - Space Cowboy,Not Checked Yet,,,FALSE,
DLC1,Steve Miller Band - Take the Money and Run,Not Checked Yet,,,FALSE,
DLC1,Steve Miller Band - The Joker,Not Checked Yet,,,FALSE,
DLC1,Stevie Ray Vaughan and Double Trouble - Dirty Pool,Not Checked Yet,,,FALSE,
DLC1,Stevie Ray Vaughan and Double Trouble - I'm Cryin',Not Checked Yet,,,FALSE,
DLC1,Stevie Ray Vaughan and Double Trouble - Lenny,Not Checked Yet,,,FALSE,
DLC1,Stevie Ray Vaughan and Double Trouble - Love Struck Baby,Not Checked Yet,,,FALSE,
DLC1,Stevie Ray Vaughan and Double Trouble - Mary Had a Little Lamb,Not Checked Yet,,,FALSE,
DLC1,Stevie Ray Vaughan and Double Trouble - Pride and Joy,Not Checked Yet,,,FALSE,
DLC1,Stevie Ray Vaughan and Double Trouble - Rude Mood,Not Checked Yet,,,FALSE,
DLC1,Stevie Ray Vaughan and Double Trouble - Tell Me,Not Checked Yet,,,FALSE,
DLC1,Stevie Ray Vaughan and Double Trouble - Testify,Not Checked Yet,,,FALSE,
DLC1,Stevie Ray Vaughan and Double Trouble - Texas Flood,Not Checked Yet,,,FALSE,
DLC1,Stone Temple Pilots - Big Empty,Not Found,,,FALSE,
DLC1,Stone Temple Pilots - Crackerman,Not Found,,,FALSE,
DLC1,Stone Temple Pilots - Creep,https://www.youtube.com/watch?v=sT1DdO3SISg,-17217,100,FALSE,"Different edit, loses syncs"
DLC1,Stone Temple Pilots - Dead & Bloated,Not Found,,,FALSE,
DLC1,Stone Temple Pilots - Huckleberry Crumble,Not Found,,,FALSE,
DLC1,Stone Temple Pilots - Interstate Love Song,https://www.youtube.com/watch?v=yjJL9DGU7Gg,30822,100.15,FALSE,
DLC1,Stone Temple Pilots - Sex Type Thing,https://www.youtube.com/watch?v=8hhu-OyHqZM,-3103,100.2,FALSE,
DLC1,Stone Temple Pilots - Trippin' on a Hole in a Paper Heart,https://www.youtube.com/watch?v=HVPzWkdhwrw,-4371,100,FALSE,
DLC1,Styx - Blue Collar Man (Long Nights),Not Checked Yet,,,FALSE,
DLC1,Styx - Renegade,Not Checked Yet,,,FALSE,
DLC1,Styx - Too Much Time on My Hands,Not Checked Yet,,,FALSE,
DLC1,Styx-REO Speedwagon - Can't Stop Rockin',Not Checked Yet,,,FALSE,
DLC1,Sugarland - It Happens,Not Checked Yet,,,FALSE,
DLC1,Sugarland - Settlin',Not Checked Yet,,,FALSE,
DLC1,Superchick - Stand in the Rain,Not Checked Yet,,,FALSE,
DLC1,Supergrass - Sun Hits the Sky,Not Checked Yet,,,FALSE,
DLC1,Sweet - Action,Not Found,,,FALSE,Wavegroup cover
DLC1,Sweet Billy Pilgrim - Future Perfect Tense,Not Checked Yet,,,FALSE,
DLC1,Switchfoot - Meant to Live,Not Checked Yet,,,FALSE,
DLC1,System of a Down - B.Y.O.B,https://www.youtube.com/watch?v=zUzd9KyIDrM,41,100.2,FALSE,
DLC1,System of a Down - Toxicity,https://www.youtube.com/watch?v=iywaBOMvYLI,-5706,100.2,FALSE,
DLC1,T. Rex - Bang a Gong,Not Checked Yet,,,FALSE,
DLC1,T. Rex - Children of the Revolution,Not Checked Yet,,,FALSE,
DLC1,T. Rex - Cosmic Dancer,Not Checked Yet,,,FALSE,
DLC1,T. Rex - Jeepster,Not Checked Yet,,,FALSE,
DLC1,Taking Back Sunday - Liar (It Takes One to Know One),Not Checked Yet,,,FALSE,
DLC1,Taking Back Sunday - MakeDamnSure,Not Checked Yet,,,FALSE,
DLC1,Taking Back Sunday - What's It Feel Like to Be a Ghost,Not Checked Yet,,,FALSE,
DLC1,Talking Heads - And She Was,Not Checked Yet,,,FALSE,
DLC1,Talking Heads - Crosseyed and Painless,Not Checked Yet,,,FALSE,
DLC1,Talking Heads - Girlfriend Is Better,Not Checked Yet,,,FALSE,
DLC1,Talking Heads - Once in a Lifetime,Not Checked Yet,,,FALSE,
DLC1,Talking Heads - Take Me to the River,Not Checked Yet,,,FALSE,
DLC1,Tenacious D - Rock Your Socks,Not Found,,,FALSE,
DLC1,Tenacious D - The Metal,Not Found,,,FALSE,
DLC1,Tenacious D - Tribute,https://www.youtube.com/watch?v=_lK4cX5xGiQ,41241,101.6,FALSE,
DLC1,Testament - Electric Crown,Not Checked Yet,,,FALSE,
DLC1,Testament - More Than Meets the Eye,Not Checked Yet,,,FALSE,
DLC1,The 88 - Sons and Daughters,Not Checked Yet,,,FALSE,
DLC1,The Allman Brothers Band - Blue Sky,Not Checked Yet,,,FALSE,
DLC1,The Allman Brothers Band - Midnight Rider,Not Checked Yet,,,FALSE,
DLC1,The B-52's - Roam,Not Checked Yet,,,FALSE,
DLC1,The Band - Chest Fever (Live),Not Checked Yet,,,FALSE,
DLC1,The Bangles - Walk Like an Egyptian,Not Checked Yet,,,FALSE,
DLC1,The Black Crowes - Hard To Handle,Not Checked Yet,,,FALSE,
DLC1,The Black Dahlia Murder - What a Horrible Night to Have a Curse,Not Checked Yet,,,FALSE,
DLC1,The Black Keys - I Got Mine,Not Checked Yet,,,FALSE,
DLC1,The Black Keys - Strange Times,Not Checked Yet,,,FALSE,
DLC1,The Black Keys - Your Touch,Not Checked Yet,,,FALSE,
DLC1,The Cab - Bounce,Not Checked Yet,,,FALSE,
DLC1,The Cab - One of THOSE Nights,Not Checked Yet,,,FALSE,
DLC1,The Cars - All Mixed Up,Not Checked Yet,,,FALSE,
DLC1,The Cars - Bye Bye Love,Not Checked Yet,,,FALSE,
DLC1,The Cars - Don't Cha Stop,Not Checked Yet,,,FALSE,
DLC1,The Cars - Good Times Roll,Not Checked Yet,,,FALSE,
DLC1,The Cars - I'm in Touch with Your World,Not Checked Yet,,,FALSE,
DLC1,The Cars - Just What I Needed,Not Checked Yet,,,FALSE,
DLC1,The Cars - Moving in Stereo,Not Checked Yet,,,FALSE,
DLC1,The Cars - My Best Friend's Girl,Not Checked Yet,,,FALSE,
DLC1,The Cars - You're All I've Got Tonight,Not Checked Yet,,,FALSE,
DLC1,The Chemical Brothers - Let Forever Be,Not Checked Yet,,,FALSE,
DLC1,The Chevelles - Get It On,Not Checked Yet,,,FALSE,
DLC1,The Clash - Complete Control,Not Checked Yet,,,FALSE,
DLC1,The Clash - I Fought the Law,Not Checked Yet,,,FALSE,
DLC1,The Clash - Train in Vain (Stand by Me),Not Checked Yet,,,FALSE,
DLC1,The Cranberries - Linger,Not Checked Yet,,,FALSE,
DLC1,The Cult - She Sells Sanctuary,Not Checked Yet,,,FALSE,
DLC1,The Damned - Smash It Up (Part II),Not Checked Yet,,,FALSE,
DLC1,The Darkest of the Hillside Thickets - Shhh,Not Checked Yet,,,FALSE,
DLC1,The Dead Weather - Hang You from the Heavens,Not Checked Yet,,,FALSE,
DLC1,The Dead Weather - No Hassle Night,Not Checked Yet,,,FALSE,
DLC1,The Dead Weather - Treat Me Like Your Mother,Not Checked Yet,,,FALSE,
DLC1,The Decemberists - The Perfect Crime #2,Not Checked Yet,,,FALSE,
DLC1,"The Devil Wears Prada - Hey John, What's Your Name Again",Not Checked Yet,,,FALSE,
DLC1,The Distillers - Drain the Blood,Not Checked Yet,,,FALSE,
DLC1,The Doobie Brothers - Listen to the Music,https://www.youtube.com/watch?v=DkytJLoxGmQ,-4360,93.75,FALSE,
DLC1,The Doobie Brothers - Long Train Runnin',Not Found,,,FALSE,
DLC1,The Fratellis - Creepin' Up the Backstairs,Not Checked Yet,,,FALSE,
DLC1,The Fratellis - Flathead,Not Checked Yet,,,FALSE,
DLC1,The Fratellis - Henrietta,Not Checked Yet,,,FALSE,
DLC1,The Futureheads - Decent Days and Nights,Not Checked Yet,,,FALSE,
DLC1,The Futureheads - Hounds of Love,Not Checked Yet,,,FALSE,
DLC1,The Grateful Dead - Beat It on Down the Line,Not Checked Yet,,,FALSE,
DLC1,The Grateful Dead - Casey Jones,Not Checked Yet,,,FALSE,
DLC1,The Grateful Dead - China Cat Sunflower,Not Checked Yet,,,FALSE,
DLC1,The Grateful Dead - Cold Rain and Snow,Not Checked Yet,,,FALSE,
DLC1,The Grateful Dead - Cumberland Blues,Not Checked Yet,,,FALSE,
DLC1,The Grateful Dead - Doin' That Rag,Not Checked Yet,,,FALSE,
DLC1,The Grateful Dead - Don't Ease Me In,Not Checked Yet,,,FALSE,
DLC1,The Grateful Dead - Fire on the Mountain,Not Checked Yet,,,FALSE,
DLC1,The Grateful Dead - Franklin's Tower,Not Checked Yet,,,FALSE,
DLC1,The Grateful Dead - Hell in a Bucket,Not Checked Yet,,,FALSE,
DLC1,The Grateful Dead - I Need A Miracle,Not Checked Yet,,,FALSE,
DLC1,The Grateful Dead - Scarlet Begonias,Not Checked Yet,,,FALSE,
DLC1,The Grateful Dead - Sugar Magnolia,Not Checked Yet,,,FALSE,
DLC1,The Grateful Dead - Throwing Stones,Not Checked Yet,,,FALSE,
DLC1,The Grateful Dead - Touch of Grey,Not Checked Yet,,,FALSE,
DLC1,The Grateful Dead - Truckin',Not Checked Yet,,,FALSE,
DLC1,The Grateful Dead - U.S. Blues,Not Checked Yet,,,FALSE,
DLC1,The Grateful Dead - Uncle John's Band,Not Checked Yet,,,FALSE,
DLC1,The Guess Who - Hand Me Down World,Not Checked Yet,,,FALSE,
DLC1,The Guess Who - No Time,Not Checked Yet,,,FALSE,
DLC1,The Haunted - D.O.A,https://www.youtube.com/watch?v=n7C1-Q3aUE0,18418,100.15,TRUE,
DLC1,"The Hives - Die, All Right!",Not Checked Yet,,,FALSE,
DLC1,The Jackson 5 - ABC,https://www.youtube.com/watch?v=ho7796-au8U,13279,100.47,FALSE,Desyncs near the end
DLC1,The Jam - Going Underground,Not Checked Yet,,,FALSE,
DLC1,The Jam - Town Called Malice,Not Checked Yet,,,FALSE,
DLC1,The Janitors - Get Your Rock On,Not Checked Yet,,,FALSE,
DLC1,The Jimi Hendrix Experience - 3rd Stone from the Sun,Not Checked Yet,,,FALSE,
DLC1,The Jimi Hendrix Experience - Ain't No Telling,Not Checked Yet,,,FALSE,
DLC1,The Jimi Hendrix Experience - Are You Experienced,Not Checked Yet,,,FALSE,
DLC1,The Jimi Hendrix Experience - Bold as Love,Not Checked Yet,,,FALSE,
DLC1,The Jimi Hendrix Experience - Castles Made of Sand,Not Checked Yet,,,FALSE,
DLC1,The Jimi Hendrix Experience - Foxey Lady,Not Checked Yet,,,FALSE,
DLC1,The Jimi Hendrix Experience - Hey Joe (Live),Not Checked Yet,,,FALSE,
DLC1,The Jimi Hendrix Experience - Highway Chile,Not Checked Yet,,,FALSE,
DLC1,The Jimi Hendrix Experience - If 6 Was 9,Not Checked Yet,,,FALSE,
DLC1,The Jimi Hendrix Experience - Little Miss Lover,Not Checked Yet,,,FALSE,
DLC1,The Jimi Hendrix Experience - Little Wing,Not Checked Yet,,,FALSE,
DLC1,The Jimi Hendrix Experience - Love or Confusion,Not Checked Yet,,,FALSE,
DLC1,The Jimi Hendrix Experience - Manic Depression,Not Checked Yet,,,FALSE,
DLC1,The Jimi Hendrix Experience - May This Be Love,Not Checked Yet,,,FALSE,
DLC1,The Jimi Hendrix Experience - One Rainy Wish,Not Checked Yet,,,FALSE,
DLC1,The Jimi Hendrix Experience - Purple Haze,Not Checked Yet,,,FALSE,
DLC1,The Jimi Hendrix Experience - She's So Fine,Not Checked Yet,,,FALSE,
DLC1,The Jimi Hendrix Experience - Spanish Castle Magic,Not Checked Yet,,,FALSE,
DLC1,The Jimi Hendrix Experience - The Wind Cries Mary,Not Checked Yet,,,FALSE,
DLC1,The Jimi Hendrix Experience - Up from the Skies,Not Checked Yet,,,FALSE,
DLC1,The Jimi Hendrix Experience - Wait Until Tomorrow,Not Checked Yet,,,FALSE,
DLC1,The Jimi Hendrix Experience - You Got Me Floatin',Not Checked Yet,,,FALSE,
DLC1,The Killers - Mr. Brightside,https://www.youtube.com/watch?v=gGdGFtwCNBE,-1040,100,FALSE,
DLC1,The Killers - Smile Like You Mean It,https://www.youtube.com/watch?v=ZAErD8xzjCM,-3480,100,FALSE,
DLC1,The Killers - Spaceman,https://www.youtube.com/watch?v=Hc16Y9fiCvQ,-918,100,FALSE,
DLC1,The Knack - My Sharona,Not Checked Yet,,,FALSE,
DLC1,The Len Price 3 - If I Ain't Got You,Not Checked Yet,,,FALSE,
DLC1,The Material - Moving to Seattle,Not Checked Yet,,,FALSE,
DLC1,The Monkees - Last Train to Clarksville,Not Checked Yet,,,FALSE,
DLC1,The Mother Hips - Red Tandy,Not Checked Yet,,,FALSE,
DLC1,The Mother Hips - Third Floor Story,Not Checked Yet,,,FALSE,
DLC1,The Mother Hips - Time-Sick Son of a Grizzly Bear,Not Checked Yet,,,FALSE,
DLC1,The Mother Hips - White Falcon Fuzz,Not Checked Yet,,,FALSE,
DLC1,The Myriad - A Clean Shot,Not Checked Yet,,,FALSE,
DLC1,The Naked Brothers Band - Body I Occupy,Not Checked Yet,,,FALSE,
DLC1,The Naked Brothers Band - I Don't Want to Go to School,Not Checked Yet,,,FALSE,
DLC1,The New Pornographers - All the Things That Go to Make Heaven and Earth,Not Checked Yet,,,FALSE,
DLC1,The New Pornographers - Use It,Not Checked Yet,,,FALSE,
DLC1,The Offspring - A Lot Like Me,Not Found,,,FALSE,
DLC1,The Offspring - All I Want,https://www.youtube.com/watch?v=us8OhI-OTHg,-3378,100,FALSE,
DLC1,The Offspring - Gone Away,https://www.youtube.com/watch?v=40V9_1PMUGM,-1919,100,FALSE,
DLC1,The Offspring - Hammerhead,https://www.youtube.com/watch?v=xA32ofgzBho,-4004,100,FALSE,
DLC1,The Offspring - Pretty Fly (For a White Guy),https://www.youtube.com/watch?v=QtTR-_Klcq8,2419,100.1,FALSE,
DLC1,The Offspring - Self Esteem,https://www.youtube.com/watch?v=Abrn8aVQ76Q,767,100,FALSE,
DLC1,The Offspring - The Kids Aren't Alright,https://www.youtube.com/watch?v=7iNbnineUCI,-4771,100,FALSE,
DLC1,The Police - Can't Stand Losing You,https://www.youtube.com/watch?v=nH0vjLwMyc4,-3480,99.9,FALSE,
DLC1,The Police - Message In A Bottle,https://www.youtube.com/watch?v=MbXWrmQW-OE,-6160,100,FALSE,Shorter edit
DLC1,The Police - Roxanne,https://www.youtube.com/watch?v=3T1c7GkzRQQ,-2040,99.5,FALSE,
DLC1,The Police - Synchronicity II,https://www.youtube.com/watch?v=o5FPPoLqkCk,320,100.4,FALSE,
DLC1,The Police - Truth Hits Everybody,Not Found,,,FALSE,
DLC1,The Police - Walking on the Moon,https://www.youtube.com/watch?v=zPwMdZOlPo8,-4080,100.08,FALSE,
DLC1,The Presidents of the United States of America - Dune Buggy,https://www.youtube.com/watch?v=wrVLKz6mVKQ,23290,98.5,FALSE,"Live, not perfect sync"
DLC1,The Presidents of the United States of America - Feather Pluckn,Not Found,,,FALSE,
DLC1,The Presidents of the United States of America - Ladybug,Not Found,,,FALSE,
DLC1,The Pretenders - Blue Christmas,Not Checked Yet,,,FALSE,
DLC1,The Pretenders - Brass In Pocket,Not Checked Yet,,,FALSE,
DLC1,The Pretenders - Precious,Not Checked Yet,,,FALSE,
DLC1,The Psychedelic Furs - Love My Way,Not Checked Yet,,,FALSE,
DLC1,The Psychedelic Furs - Pretty in Pink,Not Checked Yet,,,FALSE,
DLC1,The Psychedelic Furs - Sister Europe,Not Checked Yet,,,FALSE,
DLC1,The Raconteurs - Many Shades of Black,Not Checked Yet,,,FALSE,
DLC1,The Raconteurs - Salute Your Solution,Not Checked Yet,,,FALSE,
DLC1,"The Raconteurs - Steady, As She Goes",Not Checked Yet,,,FALSE,
DLC1,The Replacements - Kids Don't Follow,Not Checked Yet,,,FALSE,
DLC1,The Runaways - Cherry Bomb,Not Checked Yet,,,FALSE,
DLC1,The Shins - New Slang,Not Checked Yet,,,FALSE,
DLC1,The Smithereens - A Girl Like You,Not Checked Yet,,,FALSE,
DLC1,The Smithereens - Only a Memory,Not Checked Yet,,,FALSE,
DLC1,The Smiths - This Charming Man,Not Checked Yet,,,FALSE,
DLC1,The Sounds - Song with a Mission,Not Checked Yet,,,FALSE,
DLC1,The Stone Roses - Love Spreads,Not Checked Yet,,,FALSE,
DLC1,The Stooges - 1969,Not Checked Yet,,,FALSE,
DLC1,The Stooges - I Wanna Be Your Dog,Not Checked Yet,,,FALSE,
DLC1,The Stooges - No Fun,Not Checked Yet,,,FALSE,
DLC1,The Subways - Oh Yeah,Not Checked Yet,,,FALSE,
DLC1,The Subways - Rock & Roll Queen,Not Checked Yet,,,FALSE,
DLC1,The Used - Blood on My Hands,Not Checked Yet,,,FALSE,
DLC1,The Used - Born to Quit,Not Checked Yet,,,FALSE,
DLC1,The Used - The Taste of Ink,Not Checked Yet,,,FALSE,
DLC1,The Veer Union - Seasons,Not Checked Yet,,,FALSE,
DLC1,The Vines - Get Out,Not Checked Yet,,,FALSE,
DLC1,The Vines - He's a Rocker,Not Checked Yet,,,FALSE,
DLC1,The Vines - Orange Amber,Not Checked Yet,,,FALSE,
DLC1,The Vines - Outtathaway,Not Checked Yet,,,FALSE,
DLC1,The Vines - Ride,Not Checked Yet,,,FALSE,
DLC1,The Von Bondies - C'mon C'mon,Not Checked Yet,,,FALSE,
DLC1,The White Stripes - Dead Leaves and the Dirty Ground,https://www.youtube.com/watch?v=7OyytKqYjkE,5400,99.88,FALSE,
DLC1,The White Stripes - Fell in Love with a Girl,https://www.youtube.com/watch?v=fTH71AAxXmM,5640,99.84,FALSE,
DLC1,"The White Stripes - Girl, You Have No Faith in Medicine",Not Found,,,FALSE,
DLC1,The White Stripes - Icky Thump,https://www.youtube.com/watch?v=1OjTspCqvk8,1800,99.95,FALSE,
DLC1,The White Stripes - Seven Nation Army,https://www.youtube.com/watch?v=0J2QdDbelmY,-1040,100,FALSE,
DLC1,The White Stripes - You Don't Know What Love Is (You Just Do as You're Told),https://www.youtube.com/watch?v=8xsF9fHdAfo,-280,100,FALSE,
DLC1,The Who - Amazing Journey,Not Checked Yet,,,FALSE,
DLC1,The Who - Baba O'Riley,Not Checked Yet,,,FALSE,
DLC1,The Who - Behind Blue Eyes,Not Checked Yet,,,FALSE,
DLC1,The Who - Eminence Front,Not Checked Yet,,,FALSE,
DLC1,The Who - Going Mobile,Not Checked Yet,,,FALSE,
DLC1,The Who - Leaving Here,Not Checked Yet,,,FALSE,
DLC1,The Who - Magic Bus (Live at Leeds),Not Checked Yet,,,FALSE,
DLC1,The Who - My Generation (Live at Leeds),Not Checked Yet,,,FALSE,
DLC1,The Who - Real Good Looking Boy,Not Checked Yet,,,FALSE,
DLC1,The Who - Sea and Sand,Not Checked Yet,,,FALSE,
DLC1,The Who - Summertime Blues (Live at Leeds),Not Checked Yet,,,FALSE,
DLC1,The Who - The Who Super Bowl S-mashup,Not Checked Yet,,,FALSE,
DLC1,The Who - Who Are You,Not Checked Yet,,,FALSE,
DLC1,The Who - Young Man Blues (Live at Leeds),Not Checked Yet,,,FALSE,
DLC1,The Zombies - She's Not There,Not Checked Yet,,,FALSE,
DLC1,The Zombies - Tell Her No,Not Checked Yet,,,FALSE,
DLC1,Them Crooked Vultures - New Fang,Not Checked Yet,,,FALSE,
DLC1,Them Terribles - Bullets & Guns,Not Checked Yet,,,FALSE,
DLC1,thenewno2 - Crazy Tuesday,Not Checked Yet,,,FALSE,
DLC1,thenewno2 - Yomp,Not Checked Yet,,,FALSE,
DLC1,Thin Lizzy - Cowboy Song (Live),Not Checked Yet,,,FALSE,
DLC1,Thin Lizzy - Jailbreak (Live),Not Checked Yet,,,FALSE,
DLC1,Thin Lizzy - The Boys Are Back in Town (Live),Not Checked Yet,,,FALSE,
DLC1,Thousand Foot Krutch - Fire It Up,Not Checked Yet,,,FALSE,
DLC1,Thrice - Image of the Invisible,Not Checked Yet,,,FALSE,
DLC1,Tickle Me Pink - The Time Is Wrong,Not Checked Yet,,,FALSE,
DLC1,Toby Keith - Beer for My Horses,https://www.youtube.com/watch?v=o1JOFhfoAD4,50717,100,FALSE,"Story edit, no sync, but doesn’t matter"
DLC1,Toby Keith - How Do You Like Me Now !,https://www.youtube.com/watch?v=3umaLe37-LE,35135,100,FALSE,
DLC1,Toby Keith - I Love This Bar,https://www.youtube.com/watch?v=-Fulz4ytZ54,17951,100.1,FALSE,
DLC1,Toby Keith - She's a Hottie,Not Found,,,FALSE,
DLC1,Toby Keith - Should've Been a Cowboy,https://www.youtube.com/watch?v=aIq1LvzSLsk,-3545,100,FALSE,
DLC1,Toby Keith - Who's Your Daddy,https://www.youtube.com/watch?v=TVRzk3VWOKY,-2369,100,FALSE,
DLC1,Tokio Hotel - Monsoon,Not Checked Yet,,,FALSE,
DLC1,"Tokio Hotel - Ready, Set, Go!",Not Checked Yet,,,FALSE,
DLC1,Tom Petty - I Won't Back Down,Not Checked Yet,,,FALSE,
DLC1,Tom Petty - Runnin' Down a Dream,Not Checked Yet,,,FALSE,
DLC1,Tom Petty and the Heartbreakers - A Thing About You (Live),Not Checked Yet,,,FALSE,
DLC1,Tom Petty and the Heartbreakers - A Woman in Love (It's Not Me) (Live),Not Checked Yet,,,FALSE,
DLC1,Tom Petty and the Heartbreakers - American Girl (Live),Not Checked Yet,,,FALSE,
DLC1,Tom Petty and the Heartbreakers - Breakdown (Live),Not Checked Yet,,,FALSE,
DLC1,Tom Petty and the Heartbreakers - Century City (Live),Not Checked Yet,,,FALSE,
DLC1,Tom Petty and the Heartbreakers - Even the Losers (Live),Not Checked Yet,,,FALSE,
DLC1,Tom Petty and the Heartbreakers - Here Comes My Girl (Live),Not Checked Yet,,,FALSE,
DLC1,Tom Petty and the Heartbreakers - Jammin' Me (Live),Not Checked Yet,,,FALSE,
DLC1,Tom Petty and the Heartbreakers - Mary Jane's Last Dance (Live),Not Checked Yet,,,FALSE,
DLC1,Tom Petty and the Heartbreakers - Nightwatchman (Live),Not Checked Yet,,,FALSE,
DLC1,Tom Petty and the Heartbreakers - Refugee (Live),Not Checked Yet,,,FALSE,
DLC1,Tom Petty and the Heartbreakers - The Waiting (Live),Not Checked Yet,,,FALSE,
DLC1,Trace Adkins - Ride,Not Checked Yet,,,FALSE,
DLC1,Trace Adkins - Swing,Not Checked Yet,,,FALSE,
DLC1,Trapt - Who's Going Home with You Tonight,Not Checked Yet,,,FALSE,
DLC1,Trust Company - Downfall,Not Checked Yet,,,FALSE,
DLC1,Turbonegro - Wasted Again,Not Checked Yet,,,FALSE,
DLC1,TV on the Radio - Wolf Like Me,Not Checked Yet,,,FALSE,
DLC1,"Underoath - Desperate Times, Desperate Measures",Not Checked Yet,,,FALSE,
DLC1,Underoath - Reinventing Your Exit,Not Checked Yet,,,FALSE,
DLC1,Underoath - Writing on the Walls,Not Checked Yet,,,FALSE,
DLC1,Various Artists - Rock Band Network Megamix 01,Not Checked Yet,,,FALSE,
DLC1,Vesuvius - Promised Land,Not Checked Yet,,,FALSE,
DLC1,Violent Femmes - American Music,Not Checked Yet,,,FALSE,
DLC1,We Are The Fallen - Bury Me Alive,Not Checked Yet,,,FALSE,
DLC1,Weezer - (If You're Wondering If I Want You To) I Want You To,https://www.youtube.com/watch?v=cDIzMGh94vo,209,100,FALSE,
DLC1,Weezer - Beverly Hills,https://www.youtube.com/watch?v=HL_WvOly7mY,36411,97.48,FALSE,
DLC1,Weezer - Buddy Holly,https://www.youtube.com/watch?v=kemivUKb4f4,32407,100,FALSE,
DLC1,Weezer - Dreamin',Not Found,,,FALSE,
DLC1,Weezer - El Scorcho,https://www.youtube.com/watch?v=okthJIVbi6g,-1919,100,FALSE,Director's Cut
DLC1,Weezer - Let It All Hang Out,Not Found,,,FALSE,
DLC1,Weezer - My Name Is Jonas,Not Found,,,FALSE,
DLC1,Weezer - Pork and Beans,https://www.youtube.com/watch?v=PQHPYelqr0E,4671,100,FALSE,
DLC1,Weezer - The Greatest Man That Ever Lived,Not Found,,,FALSE,
DLC1,Weezer - Troublemaker,https://www.youtube.com/watch?v=0LSGvziX_6Y,8108,100,FALSE,
DLC1,Weezer - Undone - The Sweater Song,https://www.youtube.com/watch?v=LHQqqM5sr7g,-16975,100,FALSE,
DLC1,White Zombie - Black Sunshine,https://www.youtube.com/watch?v=sqPClltS5k8,24316,100.13,FALSE,
DLC1,White Zombie - More Human Than Human,https://www.youtube.com/watch?v=E0E0ynyIUsg,-9760,99.62,FALSE,
DLC1,Whitechapel - This Is Exile,Not Checked Yet,,,FALSE,
DLC1,Willie Nelson - On the Road Again,Not Checked Yet,,,FALSE,
DLC1,Wolfmother - Joker & The Thief,Not Checked Yet,,,FALSE,
DLC1,Wolfmother - New Moon Rising,Not Checked Yet,,,FALSE,
DLC1,Wolfmother - Pilgrim,Not Checked Yet,,,FALSE,
DLC1,Wolfmother - Sundial,Not Checked Yet,,,FALSE,
DLC1,Wolfmother - White Unicorn,Not Checked Yet,,,FALSE,
DLC1,Wolfmother - Woman,Not Checked Yet,,,FALSE,
DLC1,X - Blue Spark,Not Checked Yet,,,FALSE,
DLC1,X - I Must Not Think Bad Thoughts,Not Checked Yet,,,FALSE,
DLC1,X - Los Angeles,Not Checked Yet,,,FALSE,
DLC1,X - The Hungry Wolf,Not Checked Yet,,,FALSE,
DLC1,X Japan - I.V,Not Checked Yet,,,FALSE,
DLC1,Yeah Yeah Yeahs - Date with the Night,Not Checked Yet,,,FALSE,
DLC1,Yellowcard - Ocean Avenue,Not Checked Yet,,,FALSE,
DLC1,Yngwie Malmsteen's Rising Force - Caprici di Diablo,Not Found,,,FALSE,
DLC1,Yngwie Malmsteen's Rising Force - Damnation Game,Not Found,,,FALSE,
DLC1,Yngwie Malmsteen's Rising Force - Red Devil,Not Found,,,FALSE,
DLC3,3 Doors Down - Here Without You,Not Checked Yet,,,FALSE,
DLC3,3 Doors Down - When I'm Gone,Not Checked Yet,,,FALSE,
DLC3,3 Doors Down - When You're Young,Not Checked Yet,,,FALSE,
DLC3,311 - Amber,Not Checked Yet,,,FALSE,
DLC3,311 - Beautiful Disaster,Not Checked Yet,,,FALSE,
DLC3,311 - Down,Not Checked Yet,,,FALSE,
DLC3,38 Special - Hold On Loosely,Not Checked Yet,,,FALSE,
DLC3,A Flock of Seagulls - I Ran (So Far Away),Not Checked Yet,,,FALSE,
DLC3,Aerosmith - Back in the Saddle,Not Checked Yet,,,FALSE,
DLC3,Aerosmith - Dream On (Live),Not Checked Yet,,,FALSE,
DLC3,Aerosmith - Legendary Child,Not Checked Yet,,,FALSE,
DLC3,Aerosmith - Lover Alot,Not Checked Yet,,,FALSE,
DLC3,Aerosmith - Sweet Emotion,Not Checked Yet,,,FALSE,
DLC3,Aerosmith - Walk This Way,Not Checked Yet,,,FALSE,
DLC3,a-ha - Take on Me,Not Checked Yet,,,FALSE,
DLC3,All-American Rejects - Gonzo,Not Checked Yet,,,FALSE,
DLC3,All-American Rejects - Kids in the Street,Not Checked Yet,,,FALSE,
DLC3,Anaïs - Peut-Être une Angine,Not Checked Yet,,,FALSE,
DLC3,Anberlin - Breaking,Not Checked Yet,,,FALSE,
DLC3,Andrew W.K - Party Hard,Not Checked Yet,,,FALSE,
DLC3,Angels & Airwaves - The Adventure,Not Checked Yet,,,FALSE,
DLC3,Animotion - Obsession,Not Checked Yet,,,FALSE,
DLC3,Arctic Monkeys - R U Mine,Not Checked Yet,,,FALSE,
DLC3,Avenged Sevenfold - Shepherd of Fire,Not Checked Yet,,,FALSE,
DLC3,Avenged Sevenfold - So Far Away,Not Checked Yet,,,FALSE,
DLC3,Avenged Sevenfold - Unholy Confessions,Not Checked Yet,,,FALSE,
DLC3,Avenged Sevenfold - Welcome to the Family,Not Checked Yet,,,FALSE,
DLC3,B.B. King - The Thrill Is Gone,Not Checked Yet,,,FALSE,
DLC3,B.o.B (ft. Hayley Williams) - Airplanes,Not Checked Yet,,,FALSE,
DLC3,Bad Company - Can't Get Enough,Not Checked Yet,,,FALSE,
DLC3,BAP - Verdamp Lang Her,Not Checked Yet,,,FALSE,
DLC3,Barenaked Ladies - One Week,Not Checked Yet,,,FALSE,
DLC3,BB Brunes - Dis-Moi,Not Checked Yet,,,FALSE,
DLC3,Beastie Boys - Make Some Noise,Not Checked Yet,,,FALSE,
DLC3,Beastie Boys - No Sleep till Brooklyn,Not Checked Yet,,,FALSE,
DLC3,Bee Gees - Jive Talkin',Not Checked Yet,,,FALSE,
DLC3,Bee Gees - Night Fever,Not Checked Yet,,,FALSE,
DLC3,Bee Gees - Nights on Broadway,Not Checked Yet,,,FALSE,
DLC3,Bee Gees - Stayin' Alive,Not Checked Yet,,,FALSE,
DLC3,Bee Gees - Tragedy,Not Checked Yet,,,FALSE,
DLC3,Bee Gees - You Should Be Dancing,Not Checked Yet,,,FALSE,
DLC3,Billy Currington - That's How Country Boys Roll (RB3 version),Not Checked Yet,,,FALSE,
DLC3,Billy Joel - Big Shot,Not Checked Yet,,,FALSE,
DLC3,Billy Joel - Captain Jack,Not Checked Yet,,,FALSE,
DLC3,Billy Joel - I Go to Extremes,Not Checked Yet,,,FALSE,
DLC3,Billy Joel - It's Still Rock and Roll to Me,Not Checked Yet,,,FALSE,
DLC3,Billy Joel - Miami 2017 (See the Lights Go Out on Broadway),Not Checked Yet,,,FALSE,
DLC3,Billy Joel - Movin' Out (Anthony's Song),Not Checked Yet,,,FALSE,
DLC3,Billy Joel - My Life,Not Checked Yet,,,FALSE,
DLC3,Billy Joel - Only the Good Die Young,Not Checked Yet,,,FALSE,
DLC3,Billy Joel - Piano Man,Not Checked Yet,,,FALSE,
DLC3,Billy Joel - Prelude-Angry Young Man,Not Checked Yet,,,FALSE,
DLC3,Billy Joel - Pressure,Not Checked Yet,,,FALSE,
DLC3,Billy Joel - Say Goodbye to Hollywood,Not Checked Yet,,,FALSE,
DLC3,Billy Joel - Scenes from an Italian Restaurant,Not Checked Yet,,,FALSE,
DLC3,Billy Joel - She's Always a Woman,Not Checked Yet,,,FALSE,
DLC3,Billy Joel - The Entertainer,Not Checked Yet,,,FALSE,
DLC3,Billy Joel - The Stranger,Not Checked Yet,,,FALSE,
DLC3,Billy Joel - We Didn't Start the Fire,Not Checked Yet,,,FALSE,
DLC3,Billy Joel - You May Be Right,Not Checked Yet,,,FALSE,
DLC3,Billy Squier - Everybody Wants You,Not Checked Yet,,,FALSE,
DLC3,Billy Squier - The Stroke,Not Checked Yet,,,FALSE,
DLC3,Black Veil Brides - Rebel Love Song,Not Checked Yet,,,FALSE,
DLC3,Blink-182 - Always,Not Checked Yet,,,FALSE,
DLC3,Blink-182 - Stay Together for the Kids,Not Checked Yet,,,FALSE,
DLC3,Blink-182 - The Party Song,Not Checked Yet,,,FALSE,
DLC3,Blink-182 - Up All Night,Not Checked Yet,,,FALSE,
DLC3,"Blood, Sweat & Tears - Spinning Wheel",Not Checked Yet,,,FALSE,
DLC3,Bob Marley and the Wailers - Bend Down Low,Not Checked Yet,,,FALSE,
DLC3,Bob Marley and the Wailers - Burnin' and Lootin',Not Checked Yet,,,FALSE,
DLC3,Bob Marley and the Wailers - Coming in from the Cold,Not Checked Yet,,,FALSE,
DLC3,Bob Marley and the Wailers - Kaya,Not Checked Yet,,,FALSE,
DLC3,Bob Marley and the Wailers - Lively Up Yourself,Not Checked Yet,,,FALSE,
DLC3,Bob Marley and the Wailers - No More Trouble,Not Checked Yet,,,FALSE,
DLC3,Bob Marley and the Wailers - Small Axe,Not Checked Yet,,,FALSE,
DLC3,Bob Marley and the Wailers - Them Belly Full (But We Hungry),Not Checked Yet,,,FALSE,
DLC3,Bon Jovi - Bad Medicine,Not Checked Yet,,,FALSE,
DLC3,Bon Jovi - Blaze of Glory,Not Checked Yet,,,FALSE,
DLC3,Bon Jovi - Have a Nice Day,Not Checked Yet,,,FALSE,
DLC3,Bon Jovi - I'll Be There for You,Not Checked Yet,,,FALSE,
DLC3,Bon Jovi - It's My Life,Not Checked Yet,,,FALSE,
DLC3,Bon Jovi - Lay Your Hands On Me,Not Checked Yet,,,FALSE,
DLC3,Bon Jovi - Livin' on a Prayer (RB3 version),Not Checked Yet,,,FALSE,
DLC3,Bon Jovi - Runaway,Not Checked Yet,,,FALSE,
DLC3,Bon Jovi - Wanted Dead or Alive (RB3 version),Not Checked Yet,,,FALSE,
DLC3,Bon Jovi - We Weren't Born to Follow,Not Checked Yet,,,FALSE,
DLC3,Bon Jovi - Who Says You Can't Go Home,Not Checked Yet,,,FALSE,
DLC3,Bon Jovi - You Give Love a Bad Name (RB3 version),Not Checked Yet,,,FALSE,
DLC3,Bonnie Tyler - Total Eclipse of the Heart,Not Checked Yet,,,FALSE,
DLC3,Breaking Benjamin - Breath,Not Checked Yet,,,FALSE,
DLC3,Breaking Benjamin - Sooner or Later,Not Checked Yet,,,FALSE,
DLC3,Breaking Benjamin - Until the End,Not Checked Yet,,,FALSE,
DLC3,Bruno Mars - Grenade,Not Checked Yet,,,FALSE,
DLC3,Bruno Mars - Just the Way You Are,Not Checked Yet,,,FALSE,
DLC3,Bruno Mars - Marry You,Not Checked Yet,,,FALSE,
DLC3,Buffalo Springfield - For What It's Worth,Not Checked Yet,,,FALSE,
DLC3,Bullet For My Valentine - Scream Aim Fire,Not Checked Yet,,,FALSE,
DLC3,Bullet For My Valentine - Tears Don't Fall,Not Checked Yet,,,FALSE,
DLC3,Bullet For My Valentine - Your Betrayal,Not Checked Yet,,,FALSE,
DLC3,Bush - Comedown,Not Checked Yet,,,FALSE,
DLC3,Bush - Everything Zen,Not Checked Yet,,,FALSE,
DLC3,Bush - Machinehead,Not Checked Yet,,,FALSE,
DLC3,Caesars - Jerk It Out,Not Checked Yet,,,FALSE,
DLC3,Carly Rae Jepsen - Call Me Maybe,Not Checked Yet,,,FALSE,
DLC3,Carrie Underwood - Before He Cheats,Not Checked Yet,,,FALSE,
DLC3,Carrie Underwood - Cowboy Casanova,Not Checked Yet,,,FALSE,
DLC3,Carrie Underwood - Good Girl,Not Checked Yet,,,FALSE,
DLC3,Cheap Trick - Dream Police,Not Checked Yet,,,FALSE,
DLC3,Cheap Trick - I Want You to Want Me (Live),Not Checked Yet,,,FALSE,
DLC3,Cheap Trick - Surrender (Live),Not Checked Yet,,,FALSE,
DLC3,Chely Wright - Single White Female (RB3 version),Not Checked Yet,,,FALSE,
DLC3,Chevelle - Face to the Floor,Not Checked Yet,,,FALSE,
DLC3,Chevelle - Send the Pain Below,Not Checked Yet,,,FALSE,
DLC3,Chevelle - The Red,Not Checked Yet,,,FALSE,
DLC3,Chicago - Feelin' Stronger Every Day,Not Checked Yet,,,FALSE,
DLC3,Chicago - If You Leave Me Now,Not Checked Yet,,,FALSE,
DLC3,Chicago - Make Me Smile,Not Checked Yet,,,FALSE,
DLC3,Chumbawamba - Tubthumping,Not Checked Yet,,,FALSE,
DLC3,Cinderella - Don't Know What You Got (Till It's Gone),Not Checked Yet,,,FALSE,
DLC3,Cinderella - Nobody's Fool,Not Checked Yet,,,FALSE,
DLC3,Cinderella - Shelter Me,Not Checked Yet,,,FALSE,
DLC3,Cobra Starship (ft. Sabi) - You Make Me Feel,Not Checked Yet,,,FALSE,
DLC3,Coldplay - Clocks,Not Checked Yet,,,FALSE,
DLC3,Coldplay - Every Teardrop Is a Waterfall,Not Checked Yet,,,FALSE,
DLC3,Coldplay - Fix You,Not Checked Yet,,,FALSE,
DLC3,Coldplay - The Scientist,Not Checked Yet,,,FALSE,
DLC3,Coldplay - Viva la Vida,Not Checked Yet,,,FALSE,
DLC3,Coldplay - Yellow,Not Checked Yet,,,FALSE,
DLC3,Collective Soul - Shine,Not Checked Yet,,,FALSE,
DLC3,Cracker - Teen Angst (What the World Needs Now),Not Checked Yet,,,FALSE,
DLC3,Creedence Clearwater Revival - Have You Ever Seen the Rain,Not Checked Yet,,,FALSE,
DLC3,Creedence Clearwater Revival - Lodi,Not Checked Yet,,,FALSE,
DLC3,Creedence Clearwater Revival - Susie Q,Not Checked Yet,,,FALSE,
DLC3,Crossfade - Cold,Not Checked Yet,,,FALSE,
DLC3,Culture Club - Do You Really Want to Hurt Me,Not Checked Yet,,,FALSE,
DLC3,Cutting Crew - (I Just) Died in Your Arms,Not Checked Yet,,,FALSE,
DLC3,Darius Rucker - Alright (RB3 version),Not Checked Yet,,,FALSE,
DLC3,Darryl Worley - Awful Beautiful Life (RB3 version),Not Checked Yet,,,FALSE,
DLC3,Daughtry - Crawling Back to You,Not Checked Yet,,,FALSE,
DLC3,Daughtry - It's Not Over,Not Checked Yet,,,FALSE,
DLC3,Daughtry - No Surprise,Not Checked Yet,,,FALSE,
DLC3,Dave Matthews Band - Ants Marching,Not Checked Yet,,,FALSE,
DLC3,Dave Matthews Band - Mercy,Not Checked Yet,,,FALSE,
DLC3,Dave Matthews Band - So Much to Say,Not Checked Yet,,,FALSE,
DLC3,David Bowie - Blue Jean,Not Checked Yet,,,FALSE,
DLC3,David Bowie - Fame,Not Checked Yet,,,FALSE,
DLC3,David Bowie - Modern Love,Not Checked Yet,,,FALSE,
DLC3,David Bowie - Young Americans,Not Checked Yet,,,FALSE,
DLC3,David Bowie - Ziggy Stardust,Not Checked Yet,,,FALSE,
DLC3,Death Cab For Cutie - I Will Possess Your Heart,Not Checked Yet,,,FALSE,
DLC3,Deep Purple - Child in Time,Not Checked Yet,,,FALSE,
DLC3,Def Leppard - Animal (Live),Not Checked Yet,,,FALSE,
DLC3,Def Leppard - Bringin' On the Heartbreak,Not Checked Yet,,,FALSE,
DLC3,Def Leppard - Photograph,Not Checked Yet,,,FALSE,
DLC3,Def Leppard - Pour Some Sugar on Me (Live),Not Checked Yet,,,FALSE,
DLC3,Def Leppard - Rock of Ages,Not Checked Yet,,,FALSE,
DLC3,Def Leppard - Undefeated,Not Checked Yet,,,FALSE,
DLC3,Deftones - My Own Summer (Shove It),Not Checked Yet,,,FALSE,
DLC3,Depeche Mode - Never Let Me Down Again,Not Checked Yet,,,FALSE,
DLC3,Depeche Mode - Personal Jesus,Not Checked Yet,,,FALSE,
DLC3,Depeche Mode - Policy of Truth,Not Checked Yet,,,FALSE,
DLC3,Dierks Bentley - Sideways (RB3 version),Not Checked Yet,,,FALSE,
DLC3,Don McLean - American Pie,Not Checked Yet,,,FALSE,
DLC3,DragonForce - Cry Thunder,Not Checked Yet,,,FALSE,
DLC3,DragonForce - Operation Ground and Pound,Not Checked Yet,,,FALSE,
DLC3,DragonForce - Through the Fire and Flames,Not Checked Yet,,,FALSE,
DLC3,Dream Theater - On the Backs of Angels,Not Checked Yet,,,FALSE,
DLC3,Dwight Yoakam - Intentional Heartache (RB3 version),Not Checked Yet,,,FALSE,
DLC3,Eddie Money - Two Tickets to Paradise,Not Checked Yet,,,FALSE,
DLC3,Elton John - Don't Let the Sun Go Down on Me,Not Checked Yet,,,FALSE,
DLC3,Elton John - I'm Still Standing,Not Checked Yet,,,FALSE,
DLC3,Elton John - The Bitch Is Back,Not Checked Yet,,,FALSE,
DLC3,EMF - Unbelievable,Not Checked Yet,,,FALSE,
DLC3,Erasure - A Little Respect,Not Checked Yet,,,FALSE,
DLC3,Evanescence - Everybody's Fool,Not Checked Yet,,,FALSE,
DLC3,Evanescence - Lithium,Not Checked Yet,,,FALSE,
DLC3,Evanescence - What You Want,Not Checked Yet,,,FALSE,
DLC3,Everclear - Santa Monica,Not Checked Yet,,,FALSE,
DLC3,Extreme - More Than Words,Not Checked Yet,,,FALSE,
DLC3,Faith No More - From Out of Nowhere,Not Checked Yet,,,FALSE,
DLC3,"Fall Out Boy - A Little Less Sixteen Candles, a Little More Touch Me",Not Checked Yet,,,FALSE,
DLC3,"Fall Out Boy - Dance, Dance",Not Checked Yet,,,FALSE,
DLC3,"Fall Out Boy - Sugar, We're Goin Down",Not Checked Yet,,,FALSE,
DLC3,Fall Out Boy - Thnks fr th Mmrs,Not Checked Yet,,,FALSE,
DLC3,file.txt,Not Checked Yet,,,FALSE,
DLC3,Fleetwood Mac - Dreams,Not Checked Yet,,,FALSE,
DLC3,Fleetwood Mac - Gold Dust Woman,Not Checked Yet,,,FALSE,
DLC3,Fleetwood Mac - Landslide,Not Checked Yet,,,FALSE,
DLC3,Fleetwood Mac - Rhiannon,Not Checked Yet,,,FALSE,
DLC3,Florence + the Machine - Dog Days Are Over,Not Checked Yet,,,FALSE,
DLC3,Foo Fighters - Long Road to Ruin,Not Checked Yet,,,FALSE,
DLC3,Foo Fighters - Rope,Not Checked Yet,,,FALSE,
DLC3,Foo Fighters - Something From Nothing,Not Checked Yet,,,FALSE,
DLC3,Foo Fighters - Stacked Actors,Not Checked Yet,,,FALSE,
DLC3,Foo Fighters - These Days,Not Checked Yet,,,FALSE,
DLC3,Foo Fighters - Walk,Not Checked Yet,,,FALSE,
DLC3,Foreigner - Hot Blooded,Not Checked Yet,,,FALSE,
DLC3,Foreigner - I Want to Know What Love Is,Not Checked Yet,,,FALSE,
DLC3,Foreigner - Urgent,Not Checked Yet,,,FALSE,
DLC3,Foreigner - Waiting for a Girl Like You,Not Checked Yet,,,FALSE,
DLC3,Foster the People - Don't Stop (Color on the Walls),Not Checked Yet,,,FALSE,
DLC3,Foster the People - Helena Beat,Not Checked Yet,,,FALSE,
DLC3,Foster the People - Pumped Up Kicks,Not Checked Yet,,,FALSE,
DLC3,Frank Turner - I Still Believe,Not Checked Yet,,,FALSE,
DLC3,Frankie Goes to Hollywood - Relax (Come Fighting),Not Checked Yet,,,FALSE,
DLC3,Fun. ft. Janelle Monáe - We Are Young,Not Checked Yet,,,FALSE,
DLC3,Gary Allan - Man of Me (RB3 version),Not Checked Yet,,,FALSE,
DLC3,George Strait - TWANG (RB3 version),Not Checked Yet,,,FALSE,
DLC3,Good Charlotte - The Anthem,Not Checked Yet,,,FALSE,
DLC3,Grand Funk Railroad - The Loco-Motion,Not Checked Yet,,,FALSE,
DLC3,Grand Funk Railroad - We're an American Band,Not Checked Yet,,,FALSE,
DLC3,Great White - Once Bitten Twice Shy,Not Checked Yet,,,FALSE,
DLC3,Green Day - Oh Love,Not Checked Yet,,,FALSE,
DLC3,Gym Class Heroes (ft. Adam Levine) - Stereo Hearts,Not Checked Yet,,,FALSE,
DLC3,Hall & Oates - I Can't Go For That (No Can Do),Not Checked Yet,,,FALSE,
DLC3,Hall & Oates - Maneater,Not Checked Yet,,,FALSE,
DLC3,Hall & Oates - Private Eyes,Not Checked Yet,,,FALSE,
DLC3,Heart - Alone,Not Checked Yet,,,FALSE,
DLC3,Heart - Barracuda,Not Checked Yet,,,FALSE,
DLC3,Hoobastank - Crawling in the Dark,Not Checked Yet,,,FALSE,
DLC3,Hot Chelle Rae - Tonight Tonight,Not Checked Yet,,,FALSE,
DLC3,HourCast - Freakshow,Not Checked Yet,,,FALSE,
DLC3,Huey Lewis and the News - Do You Believe in Love,Not Checked Yet,,,FALSE,
DLC3,Huey Lewis and the News - I Want a New Drug,Not Checked Yet,,,FALSE,
DLC3,Huey Lewis and the News - The Heart of Rock & Roll,Not Checked Yet,,,FALSE,
DLC3,Incubus - Adolescents,Not Checked Yet,,,FALSE,
DLC3,Incubus - Drive,Not Checked Yet,,,FALSE,
DLC3,Incubus - Pardon Me,Not Checked Yet,,,FALSE,
DLC3,Incubus - Wish You Were Here,Not Checked Yet,,,FALSE,
DLC3,Inhabited - Open My Eyes,Not Checked Yet,,,FALSE,
DLC3,Iron Maiden - Flight of Icarus,Not Checked Yet,,,FALSE,
DLC3,Iron Maiden - Infinite Dreams,Not Checked Yet,,,FALSE,
DLC3,Iron Maiden - Phantom of the Opera,Not Checked Yet,,,FALSE,
DLC3,Iron Maiden - Rime of the Ancient Mariner,Not Checked Yet,,,FALSE,
DLC3,Iron Maiden - Seventh Son of a Seventh Son,Not Checked Yet,,,FALSE,
DLC3,Iron Maiden - The Prisoner,Not Checked Yet,,,FALSE,
DLC3,Iron Maiden - The Wicker Man,Not Checked Yet,,,FALSE,
DLC3,"James Brown - Super Bad, Pts. 1 & 2",Not Checked Yet,,,FALSE,
DLC3,Janis Joplin & the Full Tilt Boogie Band - Me and Bobby McGee,Not Checked Yet,,,FALSE,
DLC3,Jason Aldean - Crazy Town (RB3 version),Not Checked Yet,,,FALSE,
DLC3,Jefferson Airplane - Somebody To Love,Not Checked Yet,,,FALSE,
DLC3,Jimi Hendrix - Angel,Not Checked Yet,,,FALSE,
DLC3,Jimi Hendrix - Dolly Dagger,Not Checked Yet,,,FALSE,
DLC3,Jimi Hendrix - Freedom,Not Checked Yet,,,FALSE,
DLC3,Jimi Hendrix - Voodoo Child (Slight Return) (Live),Not Checked Yet,,,FALSE,
DLC3,"John & Yoko, The Plastic Ono Band - Happy Xmas (War is Over)",Not Checked Yet,,,FALSE,
DLC3,John Lennon - Crippled Inside,Not Checked Yet,,,FALSE,
DLC3,John Lennon - Gimme Some Truth,Not Checked Yet,,,FALSE,
DLC3,John Lennon - How,Not Checked Yet,,,FALSE,
DLC3,John Lennon - How Do You Sleep,Not Checked Yet,,,FALSE,
DLC3,John Lennon - I Don't Wanna Be A Soldier Mama,Not Checked Yet,,,FALSE,
DLC3,John Lennon - It's So Hard,Not Checked Yet,,,FALSE,
DLC3,John Lennon - Jealous Guy,Not Checked Yet,,,FALSE,
DLC3,John Lennon - Oh My Love,Not Checked Yet,,,FALSE,
DLC3,John Lennon - Oh Yoko!,Not Checked Yet,,,FALSE,
DLC3,"Johnny Cash - Cry, Cry, Cry",Not Checked Yet,,,FALSE,
DLC3,Johnny Cash - Don't Take Your Guns to Town,Not Checked Yet,,,FALSE,
DLC3,Johnny Cash - Five Feet High and Rising,Not Checked Yet,,,FALSE,
DLC3,Johnny Cash - Folsom Prison Blues,Not Checked Yet,,,FALSE,
DLC3,Johnny Cash - I Got Stripes,Not Checked Yet,,,FALSE,
DLC3,Johnny Cash - I Walk the Line,Not Checked Yet,,,FALSE,
DLC3,Johnny Cash - Ring of Fire (RB3 version),Not Checked Yet,,,FALSE,
DLC3,Johnny Cash - Tennessee Flat Top Box,Not Checked Yet,,,FALSE,
DLC3,Johnny Cash - The Ballad of Ira Hayes,Not Checked Yet,,,FALSE,
DLC3,Johnny Cooper - Don't Feel Like That Anymore,Not Checked Yet,,,FALSE,
DLC3,Joy Division - Love Will Tear Us Apart,Not Checked Yet,,,FALSE,
DLC3,Justin Moore - Backwoods (RB3 version),Not Checked Yet,,,FALSE,
DLC3,Keith Urban - Kiss a Girl (RB3 version),Not Checked Yet,,,FALSE,
DLC3,Kelly Clarkson - Stronger (What Doesn't Kill You),Not Checked Yet,,,FALSE,
DLC3,Kenny Loggins - Footloose,Not Checked Yet,,,FALSE,
DLC3,Kenny Loggins - I'm Alright,Not Checked Yet,,,FALSE,
DLC3,Killswitch Engage - Starting Over,Not Checked Yet,,,FALSE,
DLC3,Killswitch Engage - The Arms of Sorrow,Not Checked Yet,,,FALSE,
DLC3,Killswitch Engage - The End of Heartache,Not Checked Yet,,,FALSE,
DLC3,KISS - Rock and Roll All Nite (Live),Not Checked Yet,,,FALSE,
DLC3,KISS - Strutter (Live),Not Checked Yet,,,FALSE,
DLC3,Kool & the Gang - Jungle Boogie,Not Checked Yet,,,FALSE,
DLC3,KoRn - Falling Away from Me,Not Checked Yet,,,FALSE,
DLC3,KoRn - Freak on a Leash,Not Checked Yet,,,FALSE,
DLC3,Lady Antebellum - Need You Now,Not Checked Yet,,,FALSE,
DLC3,Lady Antebellum - Perfect Day (RB3 version),Not Checked Yet,,,FALSE,
DLC3,Lady Gaga - Born This Way,Not Checked Yet,,,FALSE,
DLC3,Lady Gaga - LoveGame,Not Checked Yet,,,FALSE,
DLC3,Lady Gaga - Paparazzi,Not Checked Yet,,,FALSE,
DLC3,Laura Bell Bundy - Giddy On Up (RB3 version),Not Checked Yet,,,FALSE,
DLC3,Limp Bizkit - Gold Cobra,Not Checked Yet,,,FALSE,
DLC3,Limp Bizkit - My Way,Not Checked Yet,,,FALSE,
DLC3,Limp Bizkit - Nookie,Not Checked Yet,,,FALSE,
DLC3,Limp Bizkit - Re-Arranged,Not Checked Yet,,,FALSE,
DLC3,Linea 77 - Fantasma,Not Checked Yet,,,FALSE,
DLC3,Linkin Park - Breaking the Habit,Not Checked Yet,,,FALSE,
DLC3,Linkin Park - Burn It Down,Not Checked Yet,,,FALSE,
DLC3,Linkin Park - Crawling,Not Checked Yet,,,FALSE,
DLC3,Linkin Park - In the End,Not Checked Yet,,,FALSE,
DLC3,Linkin Park - New Divide,Not Checked Yet,,,FALSE,
DLC3,Linkin Park - Numb,Not Checked Yet,,,FALSE,
DLC3,Linkin Park - Shadow of the Day,Not Checked Yet,,,FALSE,
DLC3,Linkin Park - Somewhere I Belong,Not Checked Yet,,,FALSE,
DLC3,Linkin Park - Waiting for the End,Not Checked Yet,,,FALSE,
DLC3,Linkin Park - What I've Done,Not Checked Yet,,,FALSE,
DLC3,Litfiba - Proibito,Not Checked Yet,,,FALSE,
DLC3,Live - I Alone,Not Checked Yet,,,FALSE,
DLC3,Live - Lightning Crashes,Not Checked Yet,,,FALSE,
DLC3,Living Colour - Cult of Personality,Not Checked Yet,,,FALSE,
DLC3,Lordi - Hard Rock Hallelujah,Not Checked Yet,,,FALSE,
DLC3,Loverboy - Working for the Weekend,Not Checked Yet,,,FALSE,
DLC3,Luke Bryan - Rain Is a Good Thing (RB3 version),Not Checked Yet,,,FALSE,
DLC3,Lynyrd Skynyrd - Saturday Night Special,Not Checked Yet,,,FALSE,
DLC3,Lynyrd Skynyrd - Sweet Home Alabama (Live),Not Checked Yet,,,FALSE,
DLC3,Lynyrd Skynyrd - Tuesday's Gone,Not Checked Yet,,,FALSE,
DLC3,Lynyrd Skynyrd - What's Your Name,Not Checked Yet,,,FALSE,
DLC3,Marcy Playground - Sex and Candy,Not Checked Yet,,,FALSE,
DLC3,Maroon 5 - Misery,Not Checked Yet,,,FALSE,
DLC3,Maroon 5 - This Love,Not Checked Yet,,,FALSE,
DLC3,Maroon 5 - Won't Go Home Without You,Not Checked Yet,,,FALSE,
DLC3,Maroon 5 ft. Christina Aguilera - Moves Like Jagger,Not Checked Yet,,,FALSE,
DLC3,Mastodon - Blood and Thunder,Not Checked Yet,,,FALSE,
DLC3,Mastodon - Curl of the Burl,Not Checked Yet,,,FALSE,
DLC3,Matchbox Twenty - Bent,Not Checked Yet,,,FALSE,
DLC3,Matchbox Twenty - How Far We've Come,Not Checked Yet,,,FALSE,
DLC3,Matchbox Twenty - She's So Mean,Not Checked Yet,,,FALSE,
DLC3,Meat Loaf - Paradise by the Dashboard Light,Not Checked Yet,,,FALSE,
DLC3,Megadeth - A Tout le Monde,Not Checked Yet,,,FALSE,
DLC3,Megadeth - Public Enemy No. 1,Not Checked Yet,,,FALSE,
DLC3,Megadeth - Symphony of Destruction,Not Checked Yet,,,FALSE,
DLC3,Men at Work - Down Under,Not Checked Yet,,,FALSE,
DLC3,Men at Work - Overkill,Not Checked Yet,,,FALSE,
DLC3,Merle Haggard - Mama Tried (RB3 version),Not Checked Yet,,,FALSE,
DLC3,Midnight Oil - Power and the Passion,Not Checked Yet,,,FALSE,
DLC3,Modern English - I Melt with You,Not Checked Yet,,,FALSE,
DLC3,Mr. Big - To Be With You,Not Checked Yet,,,FALSE,
DLC3,Mudvayne - Happy,Not Checked Yet,,,FALSE,
DLC3,My Chemical Romance - Helena,Not Checked Yet,,,FALSE,
DLC3,My Chemical Romance - Sing,Not Checked Yet,,,FALSE,
DLC3,My Chemical Romance - Teenagers,Not Checked Yet,,,FALSE,
DLC3,Nazareth - Love Hurts,Not Checked Yet,,,FALSE,
DLC3,New Order - Blue Monday,Not Checked Yet,,,FALSE,
DLC3,Nickelback - Animals,Not Checked Yet,,,FALSE,
DLC3,Nickelback - How You Remind Me,Not Checked Yet,,,FALSE,
DLC3,Nickelback - If Today Was Your Last Day,Not Checked Yet,,,FALSE,
DLC3,Nickelback - Someday,Not Checked Yet,,,FALSE,
DLC3,Nickelback - This Means War,Not Checked Yet,,,FALSE,
DLC3,Nightwish - Amaranth,Not Checked Yet,,,FALSE,
DLC3,Nine Inch Nails - Closer,Not Checked Yet,,,FALSE,
DLC3,Nine Inch Nails - Head Like a Hole,Not Checked Yet,,,FALSE,
DLC3,Nine Inch Nails - Sanctified,Not Checked Yet,,,FALSE,
DLC3,Nine Inch Nails - Terrible Lie,Not Checked Yet,,,FALSE,
DLC3,Nine Inch Nails - The Only Time,Not Checked Yet,,,FALSE,
DLC3,Nirvana - All Apologies,Not Checked Yet,,,FALSE,
DLC3,Nirvana - Heart-Shaped Box,Not Checked Yet,,,FALSE,
DLC3,Nirvana - Rape Me,Not Checked Yet,,,FALSE,
DLC3,Nirvana - You Know You're Right,Not Checked Yet,,,FALSE,
DLC3,Ohio Players - Fire,Not Checked Yet,,,FALSE,
DLC3,Ohio Players - Love Rollercoaster,Not Checked Yet,,,FALSE,
DLC3,Oingo Boingo - Weird Science,Not Checked Yet,,,FALSE,
DLC3,OK Go - Shooting the Moon,Not Checked Yet,,,FALSE,
DLC3,Opeth - Ghost of Perdition,Not Checked Yet,,,FALSE,
DLC3,Owl City - Fireflies,Not Checked Yet,,,FALSE,
DLC3,Ozzy Osbourne - Bark at the Moon,Not Checked Yet,,,FALSE,
DLC3,Ozzy Osbourne - Diary of a Madman,Not Checked Yet,,,FALSE,
DLC3,Ozzy Osbourne - Flying High Again,Not Checked Yet,,,FALSE,
DLC3,Ozzy Osbourne - I Don't Know,Not Checked Yet,,,FALSE,
DLC3,"Ozzy Osbourne - Mama, I'm Coming Home",Not Checked Yet,,,FALSE,
DLC3,Ozzy Osbourne - Mr. Crowley,Not Checked Yet,,,FALSE,
DLC3,Ozzy Osbourne - Over the Mountain,Not Checked Yet,,,FALSE,
DLC3,Ozzy Osbourne - Steal Away (The Night),Not Checked Yet,,,FALSE,
DLC3,P!nk - Funhouse,Not Checked Yet,,,FALSE,
DLC3,P!nk - Get the Party Started,Not Checked Yet,,,FALSE,
DLC3,P!nk - Please Don't Leave Me,Not Checked Yet,,,FALSE,
DLC3,P!nk - Raise Your Glass,Not Checked Yet,,,FALSE,
DLC3,P!nk - Sober,Not Checked Yet,,,FALSE,
DLC3,P.O.D - Boom,Not Checked Yet,,,FALSE,
DLC3,P.O.D - Youth of the Nation,Not Checked Yet,,,FALSE,
DLC3,Panic at the Disco - I Write Sins Not Tragedies,Not Checked Yet,,,FALSE,
DLC3,Pantera - 5 Minutes Alone,Not Checked Yet,,,FALSE,
DLC3,Pantera - I'm Broken,Not Checked Yet,,,FALSE,
DLC3,Pantera - Mouth for War,Not Checked Yet,,,FALSE,
DLC3,Pantera - Walk,Not Checked Yet,,,FALSE,
DLC3,Papa Roach - Forever,Not Checked Yet,,,FALSE,
DLC3,Paramore - Brick by Boring Brick,Not Checked Yet,,,FALSE,
DLC3,Paramore - Ignorance,Not Checked Yet,,,FALSE,
DLC3,Paramore - Pressure,Not Checked Yet,,,FALSE,
DLC3,Paramore - The Only Exception,Not Checked Yet,,,FALSE,
DLC3,Pat Benatar - Fire and Ice,Not Checked Yet,,,FALSE,
DLC3,Pat Benatar - Invincible,Not Checked Yet,,,FALSE,
DLC3,Pat Benatar - Love Is a Battlefield,Not Checked Yet,,,FALSE,
DLC3,Pat Benatar - Promises in the Dark,Not Checked Yet,,,FALSE,
DLC3,Pat Benatar - Shadows of the Night,Not Checked Yet,,,FALSE,
DLC3,Pat Benatar - We Belong,Not Checked Yet,,,FALSE,
DLC3,Paul McCartney - Maybe I'm Amazed,Not Checked Yet,,,FALSE,
DLC3,Paul McCartney & Wings - Band on the Run,Not Checked Yet,,,FALSE,
DLC3,Paul McCartney & Wings - Helen Wheels,Not Checked Yet,,,FALSE,
DLC3,Paul McCartney & Wings - Let Me Roll It,Not Checked Yet,,,FALSE,
DLC3,Peter Cetera - Glory of Love,Not Checked Yet,,,FALSE,
DLC3,Peter Frampton - Do You Feel Like We Do (Live),Not Checked Yet,,,FALSE,
DLC3,Phish - Stash,Not Checked Yet,,,FALSE,
DLC3,Phish - Tweezer,Not Checked Yet,,,FALSE,
DLC3,Poison - Every Rose Has Its Thorn,Not Checked Yet,,,FALSE,
DLC3,Poison - Nothin' but a Good Time,Not Checked Yet,,,FALSE,
DLC3,Poison - Talk Dirty to Me,Not Checked Yet,,,FALSE,
DLC3,Poison - Unskinny Bop,Not Checked Yet,,,FALSE,
DLC3,Procol Harum - A Whiter Shade of Pale,Not Checked Yet,,,FALSE,
DLC3,Puddle of Mudd - Blurry,Not Checked Yet,,,FALSE,
DLC3,Puddle of Mudd - Control,Not Checked Yet,,,FALSE,
DLC3,Puddle of Mudd - She Hates Me,Not Checked Yet,,,FALSE,
DLC3,Queen - Bicycle Race,Not Checked Yet,,,FALSE,
DLC3,Queen - Death on Two Legs (Dedicated to...),Not Checked Yet,,,FALSE,
DLC3,Queen - Don't Stop Me Now,Not Checked Yet,,,FALSE,
DLC3,Queen - Hammer to Fall,Not Checked Yet,,,FALSE,
DLC3,Queen - I Want It All (RB3 version),Not Checked Yet,,,FALSE,
DLC3,Queen - I Want To Break Free (RB3 version),Not Checked Yet,,,FALSE,
DLC3,Queen - I'm in Love with My Car,Not Checked Yet,,,FALSE,
DLC3,Queen - Keep Yourself Alive,Not Checked Yet,,,FALSE,
DLC3,Queen - Killer Queen (RB3 version),Not Checked Yet,,,FALSE,
DLC3,Queen - Long Away,Not Checked Yet,,,FALSE,
DLC3,Queen - Now I'm Here,Not Checked Yet,,,FALSE,
DLC3,Queen - One Vision (RB3 version),Not Checked Yet,,,FALSE,
DLC3,Queen - Play the Game,Not Checked Yet,,,FALSE,
DLC3,Queen - Radio Ga Ga,Not Checked Yet,,,FALSE,
DLC3,Queen - Seven Seas of Rhye,Not Checked Yet,,,FALSE,
DLC3,Queen - Somebody To Love (RB3 version),Not Checked Yet,,,FALSE,
DLC3,Queen - Stone Cold Crazy,Not Checked Yet,,,FALSE,
DLC3,Queen - Tenement Funster,Not Checked Yet,,,FALSE,
DLC3,Queen - The Show Must Go On,Not Checked Yet,,,FALSE,
DLC3,Queen - Under Pressure (RB3 version),Not Checked Yet,,,FALSE,
DLC3,Queen - We Are the Champions (RB3 version),Not Checked Yet,,,FALSE,
DLC3,Queen - We Will Rock You (RB3 version),Not Checked Yet,,,FALSE,
DLC3,Queen - You're My Best Friend,Not Checked Yet,,,FALSE,
DLC3,Queens of the Stone Age - In My Head,Not Checked Yet,,,FALSE,
DLC3,Queensr che - Silent Lucidity,Not Checked Yet,,,FALSE,
DLC3,Quiet Riot - Bang Your Head (Metal Health),Not Checked Yet,,,FALSE,
DLC3,R.E.M - Man on the Moon,Not Checked Yet,,,FALSE,
DLC3,Rage Against the Machine - Bombtrack,Not Checked Yet,,,FALSE,
DLC3,Rage Against the Machine - Killing in the Name,Not Checked Yet,,,FALSE,
DLC3,Rage Against the Machine - Sleep Now in the Fire,Not Checked Yet,,,FALSE,
DLC3,Rascal Flatts - Summer Nights (RB3 version),Not Checked Yet,,,FALSE,
DLC3,Reba McEntire - The Night the Lights Went Out in Georgia (RB3 version),Not Checked Yet,,,FALSE,
DLC3,Red Hot Chili Peppers - By the Way,Not Checked Yet,,,FALSE,
DLC3,Red Hot Chili Peppers - Californication,Not Checked Yet,,,FALSE,
DLC3,Red Hot Chili Peppers - Look Around,Not Checked Yet,,,FALSE,
DLC3,Red Hot Chili Peppers - Monarchy of Roses,Not Checked Yet,,,FALSE,
DLC3,Red Hot Chili Peppers - Otherside,Not Checked Yet,,,FALSE,
DLC3,Red Hot Chili Peppers - Parallel Universe,Not Checked Yet,,,FALSE,
DLC3,Red Hot Chili Peppers - Scar Tissue,Not Checked Yet,,,FALSE,
DLC3,Red Hot Chili Peppers - The Adventures of Rain Dance Maggie,Not Checked Yet,,,FALSE,
DLC3,Relient K - Must Have Done Something Right,Not Checked Yet,,,FALSE,
DLC3,REO Speedwagon - Keep On Loving You,Not Checked Yet,,,FALSE,
DLC3,Rick Astley - Never Gonna Give You Up,Not Checked Yet,,,FALSE,
DLC3,Rick Springfield - Don't Talk to Strangers,Not Checked Yet,,,FALSE,
DLC3,Rick Springfield - I've Done Everything for You,Not Checked Yet,,,FALSE,
DLC3,Rick Springfield - Jessie's Girl,Not Checked Yet,,,FALSE,
DLC3,Rise Against - Audience of One,Not Checked Yet,,,FALSE,
DLC3,Rise Against - Help Is on the Way,Not Checked Yet,,,FALSE,
DLC3,Rise Against - Satellite,Not Checked Yet,,,FALSE,
DLC3,Rise Against - The Good Left Undone,Not Checked Yet,,,FALSE,
DLC3,Rob Zombie - Living Dead Girl,Not Checked Yet,,,FALSE,
DLC3,Roy Orbison - Blue Bayou,Not Checked Yet,,,FALSE,
DLC3,Roy Orbison - Dream Baby (How Long Must I Dream),Not Checked Yet,,,FALSE,
DLC3,Roy Orbison - Only the Lonely (Know the Way I Feel),Not Checked Yet,,,FALSE,
DLC3,Rufus (ft. Chaka Khan) - Tell Me Something Good,Not Checked Yet,,,FALSE,
DLC3,Run-DMC - King of Rock,Not Checked Yet,,,FALSE,
DLC3,Rush - 2112,Not Checked Yet,,,FALSE,
DLC3,"Rush - 2112 Discovery, Presentation",Not Checked Yet,,,FALSE,
DLC3,"Rush - 2112 Oracle The Dream, Soliloquy, Grand Finale",Not Checked Yet,,,FALSE,
DLC3,"Rush - 2112 Overture, The Temples of Syrinx",Not Checked Yet,,,FALSE,
DLC3,Rush - Caravan,Not Checked Yet,,,FALSE,
DLC3,Rush - Fly by Night,Not Checked Yet,,,FALSE,
DLC3,Rush - Subdivisions,Not Checked Yet,,,FALSE,
DLC3,Rush - The Spirit of Radio (Live),Not Checked Yet,,,FALSE,
DLC3,Santana - Black Magic Woman,Not Checked Yet,,,FALSE,
DLC3,Santana (ft. Rob Thomas) - Smooth,Not Checked Yet,,,FALSE,
DLC3,Save Ferris - Come On Eileen,Not Checked Yet,,,FALSE,
DLC3,Shania Twain - Party for Two (with Billy Currington) (RB3 version),Not Checked Yet,,,FALSE,
DLC3,Sheryl Crow - All I Wanna Do,Not Checked Yet,,,FALSE,
DLC3,Shinedown - Bully,Not Checked Yet,,,FALSE,
DLC3,Shinedown - Diamond Eyes (Boom-Lay Boom-Lay Boom),Not Checked Yet,,,FALSE,
DLC3,Shinedown - Second Chance,Not Checked Yet,,,FALSE,
DLC3,Shinedown - The Crow & the Butterfly,Not Checked Yet,,,FALSE,
DLC3,Siouxsie and The Banshees - Cities in Dust,Not Checked Yet,,,FALSE,
DLC3,Skizoo - Dame Aire,Not Checked Yet,,,FALSE,
DLC3,Slayer - Raining Blood,Not Checked Yet,,,FALSE,
DLC3,Slayer - Seasons in the Abyss,Not Checked Yet,,,FALSE,
DLC3,Slayer - South of Heaven,Not Checked Yet,,,FALSE,
DLC3,Slipknot - Left Behind,Not Checked Yet,,,FALSE,
DLC3,Slipknot - Pulse of the Maggots,Not Checked Yet,,,FALSE,
DLC3,Slipknot - Snuff,Not Checked Yet,,,FALSE,
DLC3,Slipknot - Wait and Bleed,Not Checked Yet,,,FALSE,
DLC3,Smash Mouth - Can't Get Enough of You Baby,Not Checked Yet,,,FALSE,
DLC3,Smash Mouth - Why Can't We Be Friends,Not Checked Yet,,,FALSE,
DLC3,Soft Cell - Tainted Love,Not Checked Yet,,,FALSE,
DLC3,Soundgarden - Blow Up the Outside World,Not Checked Yet,,,FALSE,
DLC3,Soundgarden - Burden in My Hand,Not Checked Yet,,,FALSE,
DLC3,Soundgarden - Fell on Black Days,Not Checked Yet,,,FALSE,
DLC3,Soundgarden - Outshined,Not Checked Yet,,,FALSE,
DLC3,Soundgarden - Rusty Cage,Not Checked Yet,,,FALSE,
DLC3,Soundgarden - The Day I Tried to Live,Not Checked Yet,,,FALSE,
DLC3,Staind - It's Been Awhile,Not Checked Yet,,,FALSE,
DLC3,Staind - Not Again,Not Checked Yet,,,FALSE,
DLC3,Staind - So Far Away,Not Checked Yet,,,FALSE,
DLC3,Starship - We Built This City,Not Checked Yet,,,FALSE,
DLC3,Stevie Nicks - Edge of Seventeen (Just Like the White Winged Dove),Not Checked Yet,,,FALSE,
DLC3,Stevie Nicks - Stand Back,Not Checked Yet,,,FALSE,
DLC3,Stevie Nicks - Stop Draggin' My Heart Around,Not Checked Yet,,,FALSE,
DLC3,Stevie Wonder - Higher Ground,Not Checked Yet,,,FALSE,
DLC3,Stevie Wonder - I Wish,Not Checked Yet,,,FALSE,
DLC3,Stevie Wonder - Living for the City,Not Checked Yet,,,FALSE,
DLC3,Stevie Wonder - Sir Duke,Not Checked Yet,,,FALSE,
DLC3,Stevie Wonder - Superstition,Not Checked Yet,,,FALSE,
DLC3,Stone Sour - Made of Scars,Not Checked Yet,,,FALSE,
DLC3,Stone Sour - Say You'll Haunt Me,Not Checked Yet,,,FALSE,
DLC3,Stone Sour - Through Glass,Not Checked Yet,,,FALSE,
DLC3,Stone Temple Pilots - Big Bang Baby,Not Checked Yet,,,FALSE,
DLC3,Sublime - Santeria,Not Checked Yet,,,FALSE,
DLC3,Sublime - What I Got,Not Checked Yet,,,FALSE,
DLC3,Sublime - Wrong Way,Not Checked Yet,,,FALSE,
DLC3,Sublime with Rome - Panic,Not Checked Yet,,,FALSE,
DLC3,Sugarland - Settlin' (RB3 version),Not Checked Yet,,,FALSE,
DLC3,Sum 41 - Fat Lip,Not Checked Yet,,,FALSE,
DLC3,Sum 41 - Still Waiting,Not Checked Yet,,,FALSE,
DLC3,System of a Down - Aerials,Not Checked Yet,,,FALSE,
DLC3,System of a Down - Hypnotize,Not Checked Yet,,,FALSE,
DLC3,Talking Heads - Burning Down the House,Not Checked Yet,,,FALSE,
DLC3,Tears for Fears - Head Over Heels,Not Checked Yet,,,FALSE,
DLC3,Tears for Fears - Shout,Not Checked Yet,,,FALSE,
DLC3,Tenacious D - Rize Of The Fenix,Not Checked Yet,,,FALSE,
DLC3,The Allman Brothers Band - Jessica,Not Checked Yet,,,FALSE,
DLC3,The B-52's - Love Shack,Not Checked Yet,,,FALSE,
DLC3,The Band - The Weight (Live),Not Checked Yet,,,FALSE,
DLC3,The Black Crowes - Remedy,Not Checked Yet,,,FALSE,
DLC3,The Black Crowes - She Talks to Angels,Not Checked Yet,,,FALSE,
DLC3,The Black Crowes - Sometimes Salvation,Not Checked Yet,,,FALSE,
DLC3,The Black Keys - Howlin' for You,Not Checked Yet,,,FALSE,
DLC3,The Black Keys - Lonely Boy,Not Checked Yet,,,FALSE,
DLC3,The Black Keys - Tighten Up,Not Checked Yet,,,FALSE,
DLC3,The Clash - Brand New Cadillac,Not Checked Yet,,,FALSE,
DLC3,The Clash - Clampdown,Not Checked Yet,,,FALSE,
DLC3,The Clash - Death or Glory,Not Checked Yet,,,FALSE,
DLC3,The Clash - Four Horsemen,Not Checked Yet,,,FALSE,
DLC3,The Clash - Hateful,Not Checked Yet,,,FALSE,
DLC3,The Clash - I'm Not Down,Not Checked Yet,,,FALSE,
DLC3,The Clash - Jimmy Jazz,Not Checked Yet,,,FALSE,
DLC3,The Clash - Koka Kola,Not Checked Yet,,,FALSE,
DLC3,The Clash - London Calling,Not Checked Yet,,,FALSE,
DLC3,The Clash - Lost in the Supermarket,Not Checked Yet,,,FALSE,
DLC3,The Clash - Lover's Rock,Not Checked Yet,,,FALSE,
DLC3,The Clash - Revolution Rock,Not Checked Yet,,,FALSE,
DLC3,The Clash - Rock the Casbah,Not Checked Yet,,,FALSE,
DLC3,The Clash - Rudie Can't Fail,Not Checked Yet,,,FALSE,
DLC3,The Clash - Spanish Bombs,Not Checked Yet,,,FALSE,
DLC3,The Clash - The Card Cheat,Not Checked Yet,,,FALSE,
DLC3,The Clash - The Guns of Brixton,Not Checked Yet,,,FALSE,
DLC3,The Clash - The Right Profile,Not Checked Yet,,,FALSE,
DLC3,The Clash - Wrong 'Em Boyo,Not Checked Yet,,,FALSE,
DLC3,The Darkness - I Believe in a Thing Called Love,Not Checked Yet,,,FALSE,
DLC3,"The Doors - Hello, I Love You",Not Checked Yet,,,FALSE,
DLC3,The Doors - L.A. Woman,Not Checked Yet,,,FALSE,
DLC3,The Doors - Light My Fire,Not Checked Yet,,,FALSE,
DLC3,The Doors - Love Her Madly,Not Checked Yet,,,FALSE,
DLC3,The Doors - Love Me Two Times,Not Checked Yet,,,FALSE,
DLC3,The Doors - Peace Frog,Not Checked Yet,,,FALSE,
DLC3,The Doors - People Are Strange,Not Checked Yet,,,FALSE,
DLC3,The Doors - Riders on the Storm,Not Checked Yet,,,FALSE,
DLC3,The Doors - Roadhouse Blues,Not Checked Yet,,,FALSE,
DLC3,The Doors - Soul Kitchen,Not Checked Yet,,,FALSE,
DLC3,The Doors - The Crystal Ship,Not Checked Yet,,,FALSE,
DLC3,The Doors - Touch Me,Not Checked Yet,,,FALSE,
DLC3,The Edgar Winter Group - Frankenstein,Not Checked Yet,,,FALSE,
DLC3,The Edgar Winter Group - Free Ride,Not Checked Yet,,,FALSE,
DLC3,The Flys - Got You (Where I Want You),Not Checked Yet,,,FALSE,
DLC3,The Gracious Few - Appetite,Not Checked Yet,,,FALSE,
DLC3,The Human League - Don't You Want Me,Not Checked Yet,,,FALSE,
DLC3,The J. Geils Band - Freeze-Frame,Not Checked Yet,,,FALSE,
DLC3,The Jimi Hendrix Experience - All Along the Watchtower,Not Checked Yet,,,FALSE,
DLC3,The Jimi Hendrix Experience - Gypsy Eyes,Not Checked Yet,,,FALSE,
DLC3,The Jimi Hendrix Experience - Long Hot Summer Night,Not Checked Yet,,,FALSE,
DLC3,The Offspring - Days Go By,Not Checked Yet,,,FALSE,
DLC3,The Police - Every Breath You Take,Not Checked Yet,,,FALSE,
DLC3,The Police - So Lonely,Not Checked Yet,,,FALSE,
DLC3,The Strokes - Under Cover of Darkness,Not Checked Yet,,,FALSE,
DLC3,The Vapors - Turning Japanese,Not Checked Yet,,,FALSE,
DLC3,Three Days Grace - Animal I Have Become,Not Checked Yet,,,FALSE,
DLC3,Three Days Grace - I Hate Everything About You,Not Checked Yet,,,FALSE,
DLC3,Three Days Grace - Pain,Not Checked Yet,,,FALSE,
DLC3,Three Days Grace - The Good Life,Not Checked Yet,,,FALSE,
DLC3,Toadies - Away,Not Checked Yet,,,FALSE,
DLC3,Toadies - Possum Kingdom,Not Checked Yet,,,FALSE,
DLC3,Toadies - Tyler,Not Checked Yet,,,FALSE,
DLC3,Tommy Tutone - 867-5309-Jenny,Not Checked Yet,,,FALSE,
DLC3,Toto - Rosanna,Not Checked Yet,,,FALSE,
DLC3,Trace Adkins - Ride (RB3 version),Not Checked Yet,,,FALSE,
DLC3,Train - Drops of Jupiter,Not Checked Yet,,,FALSE,
DLC3,Travie McCoy (ft. Bruno Mars) - Billionaire,Not Checked Yet,,,FALSE,
DLC3,Trivium - In Waves,Not Checked Yet,,,FALSE,
DLC3,Tutankamon - Starting to Appreciate,Not Checked Yet,,,FALSE,
DLC3,Volbeat - A Warrior's Call,Not Checked Yet,,,FALSE,
DLC3,WAR - Spill the Wine,Not Checked Yet,,,FALSE,
DLC3,Weezer - Back To The Shack,Not Checked Yet,,,FALSE,
DLC3,Weezer - Hash Pipe,Not Checked Yet,,,FALSE,
DLC3,Weezer - Island in the Sun,Not Checked Yet,,,FALSE,
DLC3,Weezer - Perfect Situation,Not Checked Yet,,,FALSE,
DLC3,White Zombie - Super-Charger Heaven,Not Checked Yet,,,FALSE,
DLC3,White Zombie - Thunder Kiss '65,Not Checked Yet,,,FALSE,
DLC3,Whitesnake - Still of the Night,Not Checked Yet,,,FALSE,
DLC3,Wir sind Helden - Nur ein Wort,Not Checked Yet,,,FALSE,
DLC3,Yellowcard - Only One,Not Checked Yet,,,FALSE,
DLC3,Yes - Heart of the Sunrise,Not Checked Yet,,,FALSE,
DLC3,Yes - I've Seen All Good People,Not Checked Yet,,,FALSE,
DLC3,Yes - Owner of a Lonely Heart,Not Checked Yet,,,FALSE,
DLC3,Yes - South Side of the Sky,Not Checked Yet,,,FALSE,
DLC3,Yes - Starship Trooper,Not Checked Yet,,,FALSE,
DLC3,Young the Giant - My Body,Not Checked Yet,,,FALSE,
DLC4,200 Stab Wounds - Masters of Morbidity,Not Checked Yet,,,FALSE,
DLC4,24kGoldn - CITY OF ANGELS,Not Checked Yet,,,FALSE,
DLC4,30 Seconds to Mars - Rescue Me,Not Checked Yet,,,FALSE,
DLC4,5 Seconds of Summer - She Looks So Perfect,Not Checked Yet,,,FALSE,
DLC4,5 Seconds of Summer - Youngblood,Not Checked Yet,,,FALSE,
DLC4,A Day to Remember - Mindreader,Not Checked Yet,,,FALSE,
DLC4,A Day to Remember - Paranoia,Not Checked Yet,,,FALSE,
DLC4,A Day to Remember - Resentment,Not Checked Yet,,,FALSE,
DLC4,ACDC - Shot In The Dark,Not Checked Yet,,,FALSE,
DLC4,Ace of Base - All That She Wants,Not Checked Yet,,,FALSE,
DLC4,Ace of Base - The Sign,Not Checked Yet,,,FALSE,
DLC4,Aerosmith - Angel,Not Checked Yet,,,FALSE,
DLC4,Aerosmith - Crazy,Not Checked Yet,,,FALSE,
DLC4,Aerosmith - Cryin',Not Checked Yet,,,FALSE,
DLC4,Aerosmith - Dude (Looks Like a Lady),Not Checked Yet,,,FALSE,
DLC4,Aerosmith - Eat the Rich,Not Checked Yet,,,FALSE,
DLC4,Aerosmith - I Don't Want to Miss a Thing,Not Checked Yet,,,FALSE,
DLC4,Aerosmith - Janie's Got a Gun,Not Checked Yet,,,FALSE,
DLC4,Aerosmith - Livin' on the Edge,Not Checked Yet,,,FALSE,
DLC4,Aerosmith - Love in an Elevator,Not Checked Yet,,,FALSE,
DLC4,Aerosmith - Rag Doll,Not Checked Yet,,,FALSE,
DLC4,Aerosmith - Rats in the Cellar,Not Checked Yet,,,FALSE,
DLC4,Aerosmith - Seasons of Wither,Not Checked Yet,,,FALSE,
DLC4,AFI - Far Too Near,Not Checked Yet,,,FALSE,
DLC4,Against the Current - Running with the Wild Things,Not Checked Yet,,,FALSE,
DLC4,AJR - 100 Bad Days,Not Checked Yet,,,FALSE,
DLC4,AJR - Bang!,Not Checked Yet,,,FALSE,
DLC4,AJR - Sober Up (ft. Rivers Cuomo),Not Checked Yet,,,FALSE,
DLC4,AJR - Way Less Sad,Not Checked Yet,,,FALSE,
DLC4,Alabama Shakes - Don't Wanna Fight,Not Checked Yet,,,FALSE,
DLC4,Alexis Munroe - Burn,Not Checked Yet,,,FALSE,
DLC4,Alfie Templeman - Broken,Not Checked Yet,,,FALSE,
DLC4,Alice Cooper - Feed My Frankenstein,Not Checked Yet,,,FALSE,
DLC4,Alice Cooper - No More Mr. Nice Guy,Not Checked Yet,,,FALSE,
DLC4,Alice In Chains - Down In a Hole,Not Checked Yet,,,FALSE,
DLC4,Alice In Chains - Them Bones,Not Checked Yet,,,FALSE,
DLC4,Alkaline Trio - Mercy Me,Not Checked Yet,,,FALSE,
DLC4,All That Remains - Divide,Not Checked Yet,,,FALSE,
DLC4,All That Remains - What If I Was Nothing,Not Checked Yet,,,FALSE,
DLC4,"All Time Low - Dear Maria, Count Me In",Not Checked Yet,,,FALSE,
DLC4,All Time Low - Monsters (ft. blackbear),Not Checked Yet,,,FALSE,
DLC4,All Time Low - Some Kind of Disaster,Not Checked Yet,,,FALSE,
DLC4,American Hi-Fi - Flavor of the Weak,Not Checked Yet,,,FALSE,
DLC4,Amon Amarth - Twilight Of The Thunder God,Not Checked Yet,,,FALSE,
DLC4,Amyl and the Sniffers - Don't Fence Me In,Not Checked Yet,,,FALSE,
DLC4,Andrew W.K - Music Is Worth Living For,Not Checked Yet,,,FALSE,
DLC4,"Andy Grammer - Honey, I'm Good",Not Checked Yet,,,FALSE,
DLC4,Angels & Airwaves - Euphoria,Not Checked Yet,,,FALSE,
DLC4,Anna Graceman & Ryan Corn - A Little Wild,Not Checked Yet,,,FALSE,
DLC4,Architects - Animals,Not Checked Yet,,,FALSE,
DLC4,Architects - when we were young,Not Checked Yet,,,FALSE,
DLC4,Arctic Horror - Black Seas,Not Checked Yet,,,FALSE,
DLC4,Aretha Franklin - Respect,Not Checked Yet,,,FALSE,
DLC4,ARXX - Call Me Crazy (ft. Pillow Queens),Not Checked Yet,,,FALSE,
DLC4,Asia - Heat of the Moment,Not Checked Yet,,,FALSE,
DLC4,Asking Alexandria - Antisocialist,Not Checked Yet,,,FALSE,
DLC4,Assuming We Survive - Open Water,Not Checked Yet,,,FALSE,
DLC4,Audioslave - Like a Stone,Not Checked Yet,,,FALSE,
DLC4,Avenged Sevenfold - God Damn,Not Checked Yet,,,FALSE,
DLC4,Avenged Sevenfold - Nobody,Not Checked Yet,,,FALSE,
DLC4,Avenged Sevenfold - The Stage,Not Checked Yet,,,FALSE,
DLC4,Avicii - Wake Me Up,Not Checked Yet,,,FALSE,
DLC4,Avril Lavigne - Complicated,Not Checked Yet,,,FALSE,
DLC4,Avril Lavigne - Love It When You Hate Me (ft. blackbear),Not Checked Yet,,,FALSE,
DLC4,Avril Lavigne - My Happy Ending,Not Checked Yet,,,FALSE,
DLC4,Avril Lavigne - Sk8er Boi,Not Checked Yet,,,FALSE,
DLC4,Avril Lavigne - What The Hell,Not Checked Yet,,,FALSE,
DLC4,AWOLNATION - Cannonball,Not Checked Yet,,,FALSE,
DLC4,AWOLNATION - The Best,Not Checked Yet,,,FALSE,
DLC4,BABYMETAL - Gimme Chocolate!!,Not Checked Yet,,,FALSE,
DLC4,BABYMETAL - Starlight,Not Checked Yet,,,FALSE,
DLC4,Bachman-Turner Overdrive - Takin' Care of Business,Not Checked Yet,,,FALSE,
DLC4,Bad Company - Bad Company,Not Checked Yet,,,FALSE,
DLC4,Bad Omens - Just Pretend,Not Checked Yet,,,FALSE,
DLC4,Bad Suns - Life Was Easier When I Only Cared About Me,Not Checked Yet,,,FALSE,
DLC4,Bad Wolves - Killing Me Slowly,Not Checked Yet,,,FALSE,
DLC4,BANNERS - Someone To You,Not Checked Yet,,,FALSE,
DLC4,Barely March - Thinking Emoji,Not Checked Yet,,,FALSE,
DLC4,Barns Courtney - 99,Not Checked Yet,,,FALSE,
DLC4,Basement - Promise Everything,Not Checked Yet,,,FALSE,
DLC4,Bastille - Pompeii,Not Checked Yet,,,FALSE,
DLC4,Beach Bunny - Prom Queen,Not Checked Yet,,,FALSE,
DLC4,Beartooth - I Won't Give It Up,Not Checked Yet,,,FALSE,
DLC4,Beartooth - Riptide,Not Checked Yet,,,FALSE,
DLC4,Beastie Boys - Fight for Your Right,Not Checked Yet,,,FALSE,
DLC4,Beck - Devils Haircut,Not Checked Yet,,,FALSE,
DLC4,Beck - Dreams,Not Checked Yet,,,FALSE,
DLC4,Beck - Saw Lightning,Not Checked Yet,,,FALSE,
DLC4,Beck - Sexx Laws,Not Checked Yet,,,FALSE,
DLC4,"BEGINNERS - Goodbye, Good Luck",Not Checked Yet,,,FALSE,
DLC4,Belinda Carlisle - Heaven Is a Place on Earth,Not Checked Yet,,,FALSE,
DLC4,Belly - Gepetto,Not Checked Yet,,,FALSE,
DLC4,Ben Quad - Blood for the Blood God,Not Checked Yet,,,FALSE,
DLC4,Between the Buried and Me - The Coma Machine,Not Checked Yet,,,FALSE,
DLC4,Big & Rich - Save A Horse (Ride A Cowboy),Not Checked Yet,,,FALSE,
DLC4,Billie Eilish - bad guy,Not Checked Yet,,,FALSE,
DLC4,Billie Eilish - Therefore I Am,Not Checked Yet,,,FALSE,
DLC4,Billie Joe Armstrong - I Think We're Alone Now,Not Checked Yet,,,FALSE,
DLC4,Billy Joel - Uptown Girl,Not Checked Yet,,,FALSE,
DLC4,Billy Squier - Lonely Is The Night,Not Checked Yet,,,FALSE,
DLC4,Bishop Briggs - CHAMPION,Not Checked Yet,,,FALSE,
DLC4,Black Pumas - Colors,Not Checked Yet,,,FALSE,
DLC4,Blame It On Whitman - Pack of Smokes,Not Checked Yet,,,FALSE,
DLC4,Blame It On Whitman - Some1Else,Not Checked Yet,,,FALSE,
DLC4,Blastergun - Bombs Away,Not Checked Yet,,,FALSE,
DLC4,Bleachers - Rollercoaster,Not Checked Yet,,,FALSE,
DLC4,Blink-182 - Anthem Part Two,Not Checked Yet,,,FALSE,
DLC4,Blink-182 - Blame It On My Youth,Not Checked Yet,,,FALSE,
DLC4,Blink-182 - Bored To Death,Not Checked Yet,,,FALSE,
DLC4,Blitz Kids - Run For Cover,Not Checked Yet,,,FALSE,
DLC4,Blondfire - True Confessions,Not Checked Yet,,,FALSE,
DLC4,Blondie - Dreaming,Not Checked Yet,,,FALSE,
DLC4,Bloodhound Gang - The Bad Touch,Not Checked Yet,,,FALSE,
DLC4,Bloods & Laura Jane Grace - I Like You,Not Checked Yet,,,FALSE,
DLC4,Blue Öyster Cult - Burnin' for You,Not Checked Yet,,,FALSE,
DLC4,Blue Swede - Hooked On A Feeling,Not Checked Yet,,,FALSE,
DLC4,Blues Traveler - Hook,Not Checked Yet,,,FALSE,
DLC4,Blues Traveler - Run-Around,Not Checked Yet,,,FALSE,
DLC4,Bob Moses - Love Brand New,Not Checked Yet,,,FALSE,
DLC4,Body Thief - Makeshift Vehicles,Not Checked Yet,,,FALSE,
DLC4,Bon Jovi - Born Again Tomorrow,Not Checked Yet,,,FALSE,
DLC4,BØRNS - Electric Love,Not Checked Yet,,,FALSE,
DLC4,Breaking Benjamin - Failure,Not Checked Yet,,,FALSE,
DLC4,Breaking Benjamin - Far Away (ft. Scooter Ward),Not Checked Yet,,,FALSE,
DLC4,Breaking Benjamin - Torn In Two,Not Checked Yet,,,FALSE,
DLC4,Breaking Benjamin - Tourniquet,Not Checked Yet,,,FALSE,
DLC4,Brian Setzer - Rock This Town,Not Checked Yet,,,FALSE,
DLC4,Bring Me The Horizon - DiE4u,Not Checked Yet,,,FALSE,
DLC4,Bring Me The Horizon - Drown,Not Checked Yet,,,FALSE,
DLC4,Bring Me The Horizon - Happy Song,Not Checked Yet,,,FALSE,
DLC4,Bring Me The Horizon - MANTRA,Not Checked Yet,,,FALSE,
DLC4,Bring Me the Horizon - sugar honey ice & tea,Not Checked Yet,,,FALSE,
DLC4,Bring Me The Horizon - Throne,Not Checked Yet,,,FALSE,
DLC4,Brittany Howard - Stay High,Not Checked Yet,,,FALSE,
DLC4,Bruno Mars - 24K Magic,Not Checked Yet,,,FALSE,
DLC4,Bruno Mars - Locked Out of Heaven,Not Checked Yet,,,FALSE,
DLC4,Bruno Mars - Treasure,Not Checked Yet,,,FALSE,
DLC4,Bush - Glycerine,Not Checked Yet,,,FALSE,
DLC4,Cake - Comfort Eagle,Not Checked Yet,,,FALSE,
DLC4,Cake - I Will Survive,Not Checked Yet,,,FALSE,
DLC4,Calling All Captains - Tailspin,Not Checked Yet,,,FALSE,
DLC4,Capital Cities - Safe and Sound,Not Checked Yet,,,FALSE,
DLC4,Capstan - take my breath away -- noose,Not Checked Yet,,,FALSE,
DLC4,Carly Rae Jepsen - I Really Like You,Not Checked Yet,,,FALSE,
DLC4,Carrie Underwood - Blown Away,Not Checked Yet,,,FALSE,
DLC4,Carrie Underwood - Church Bells,Not Checked Yet,,,FALSE,
DLC4,Catch Your Breath - Dial Tone,Not Checked Yet,,,FALSE,
DLC4,Catfish And The Bottlemen - Cocoon,Not Checked Yet,,,FALSE,
DLC4,Catfish And The Bottlemen - Longshot,Not Checked Yet,,,FALSE,
DLC4,Catfish And The Bottlemen - Postpone,Not Checked Yet,,,FALSE,
DLC4,Cecilia Castleman - It's Alright,Not Checked Yet,,,FALSE,
DLC4,Ceramic Animal - I Can't Wait,Not Checked Yet,,,FALSE,
DLC4,Charlie Puth - Attention,Not Checked Yet,,,FALSE,
DLC4,Charlotte Sands - Six Feet Under,Not Checked Yet,,,FALSE,
DLC4,Chevelle - Self Destructor,Not Checked Yet,,,FALSE,
DLC4,Chuck Berry - Johnny B. Goode,Not Checked Yet,,,FALSE,
DLC4,CHVRCHES - Graffiti,Not Checked Yet,,,FALSE,
DLC4,CHVRCHES - The Mother We Share,Not Checked Yet,,,FALSE,
DLC4,CIVIC - Born in the Heat,Not Checked Yet,,,FALSE,
DLC4,Classless Act - Classless Act (ft. Vince Neil),Not Checked Yet,,,FALSE,
DLC4,Coheed and Cambria - The Liars Club,Not Checked Yet,,,FALSE,
DLC4,Coheed and Cambria - Unheavenly Creatures,Not Checked Yet,,,FALSE,
DLC4,Cold War Kids - First,Not Checked Yet,,,FALSE,
DLC4,Coldplay - A Sky Full Of Stars,Not Checked Yet,,,FALSE,
DLC4,Coldplay - Adventure of a Lifetime,Not Checked Yet,,,FALSE,
DLC4,Coldplay - Champion of the World,Not Checked Yet,,,FALSE,
DLC4,Coldplay - Hymn For The Weekend,Not Checked Yet,,,FALSE,
DLC4,Coldplay - Orphans,Not Checked Yet,,,FALSE,
DLC4,Coldplay - Paradise,Not Checked Yet,,,FALSE,
DLC4,Coldplay - Shiver,Not Checked Yet,,,FALSE,
DLC4,Coldplay - Speed of Sound,Not Checked Yet,,,FALSE,
DLC4,Commodores - Brick House,Not Checked Yet,,,FALSE,
DLC4,Counting Crows - Mr. Jones,Not Checked Yet,,,FALSE,
DLC4,covet - lovespell,Not Checked Yet,,,FALSE,
DLC4,Creed - With Arms Wide Open,Not Checked Yet,,,FALSE,
DLC4,Cuffed Up - Bonnie,Not Checked Yet,,,FALSE,
DLC4,Culture Club - Karma Chameleon,Not Checked Yet,,,FALSE,
DLC4,Cyndi Lauper - Girls Just Want To Have Fun,Not Checked Yet,,,FALSE,
DLC4,Cyndi Lauper - Time After Time,Not Checked Yet,,,FALSE,
DLC4,Daft Punk - Get Lucky (ft. Pharrell Williams),Not Checked Yet,,,FALSE,
DLC4,"Dan + Shay - 10,000 Hours (ft. Justin Bieber)",Not Checked Yet,,,FALSE,
DLC4,Dance Gavin Dance - Prisoner,Not Checked Yet,,,FALSE,
DLC4,Darius Rucker - Wagon Wheel,Not Checked Yet,,,FALSE,
DLC4,Dave Matthews Band - Crash Into Me,Not Checked Yet,,,FALSE,
DLC4,Dave Matthews Band - Crush,Not Checked Yet,,,FALSE,
DLC4,David Bowie - Rebel Rebel,Not Checked Yet,,,FALSE,
DLC4,Dead Sara - Mona Lisa,Not Checked Yet,,,FALSE,
DLC4,Death From Above 1979 - Trainwreck 1979,Not Checked Yet,,,FALSE,
DLC4,Dee Gees - You Should Be Dancing,Not Checked Yet,,,FALSE,
DLC4,Deee-Lite - Groove Is in the Heart,Not Checked Yet,,,FALSE,
DLC4,Deep Blue Something - Breakfast at Tiffany's,Not Checked Yet,,,FALSE,
DLC4,Del Amitri - Roll To Me,Not Checked Yet,,,FALSE,
DLC4,Demi Lovato - Sorry Not Sorry,Not Checked Yet,,,FALSE,
DLC4,Depeche Mode - Enjoy the Silence,Not Checked Yet,,,FALSE,
DLC4,Depeche Mode - People Are People,Not Checked Yet,,,FALSE,
DLC4,Devon Gilfillian - All I Really Wanna Do,Not Checked Yet,,,FALSE,
DLC4,DE'WAYNE - DIE OUT HERE (ft. POORSTACY),Not Checked Yet,,,FALSE,
DLC4,Dexys Midnight Runners - Come On Eileen,Not Checked Yet,,,FALSE,
DLC4,Dido - Thank You,Not Checked Yet,,,FALSE,
DLC4,Dinosaur Pile-Up - Back Foot,Not Checked Yet,,,FALSE,
DLC4,Dirty Honey - California Dreamin',Not Checked Yet,,,FALSE,
DLC4,Dirty Honey - Heartbreaker 2.0,Not Checked Yet,,,FALSE,
DLC4,Dirty Honey - Rolling 7s,Not Checked Yet,,,FALSE,
DLC4,Dirty Honey - When I'm Gone,Not Checked Yet,,,FALSE,
DLC4,Disturbed - Immortalized,Not Checked Yet,,,FALSE,
DLC4,Disturbed - The Sound Of Silence,Not Checked Yet,,,FALSE,
DLC4,Disturbed - The Vengeful One,Not Checked Yet,,,FALSE,
DLC4,Disturbed - Warrior,Not Checked Yet,,,FALSE,
DLC4,DNCE - Cake By The Ocean,Not Checked Yet,,,FALSE,
DLC4,Dolly Parton - Jolene,Not Checked Yet,,,FALSE,
DLC4,Dolly Spartans - I Hear the Dead,Not Checked Yet,,,FALSE,
DLC4,DragonForce - Highway To Oblivion,Not Checked Yet,,,FALSE,
DLC4,DragonForce - Through the Fire and Flames (RB4 version),Not Checked Yet,,,FALSE,
DLC4,Dream Theater - Pull Me Under,Not Checked Yet,,,FALSE,
DLC4,Dreamgirl - Sometimes,Not Checked Yet,,,FALSE,
DLC4,Dua Lipa - Don't Start Now,Not Checked Yet,,,FALSE,
DLC4,Duck & Cover - Two Shots,Not Checked Yet,,,FALSE,
DLC4,Duran Duran - The Reflex,Not Checked Yet,,,FALSE,
DLC4,Eagle-Eye Cherry - Save Tonight,Not Checked Yet,,,FALSE,
DLC4,"Earth, Wind & Fire - September",Not Checked Yet,,,FALSE,
DLC4,Ed Sheeran - Shape of You,Not Checked Yet,,,FALSE,
DLC4,Ed Sheeran - Sing,Not Checked Yet,,,FALSE,
DLC4,Ego Kill Talent - The Call,Not Checked Yet,,,FALSE,
DLC4,Elastica - Connection,Not Checked Yet,,,FALSE,
DLC4,Elle King - Drunk (And I Don't Wanna Go Home) (ft. Miranda Lambert),Not Checked Yet,,,FALSE,
DLC4,Elle King - Ex's & Oh's,Not Checked Yet,,,FALSE,
DLC4,Elle King - Shame,Not Checked Yet,,,FALSE,
DLC4,Ellie Goulding - On My Mind,Not Checked Yet,,,FALSE,
DLC4,Elton John - Dua Lipa - Cold Heart (PNAU Remix),Not Checked Yet,,,FALSE,
DLC4,Elton John - Goodbye Yellow Brick Road,Not Checked Yet,,,FALSE,
DLC4,Eve 6 - Here's to the Night,Not Checked Yet,,,FALSE,
DLC4,Fake Names - Delete Myself,Not Checked Yet,,,FALSE,
DLC4,Fall Out Boy - I Wanna Dance with Somebody (Who Loves Me),Not Checked Yet,,,FALSE,
DLC4,Fall Out Boy - Irresistible,Not Checked Yet,,,FALSE,
DLC4,Fall Out Boy - Love From the Other Side,Not Checked Yet,,,FALSE,
DLC4,Fall Out Boy - My Songs Know What You Did in the Dark (Light Em Up),Not Checked Yet,,,FALSE,
DLC4,Fall Out Boy - Uma Thurman,Not Checked Yet,,,FALSE,
DLC4,Falling In Reverse - Popular Monster,Not Checked Yet,,,FALSE,
DLC4,Falling In Reverse - Voices In My Head,Not Checked Yet,,,FALSE,
DLC4,Fefe Dobson - Take Me Away,Not Checked Yet,,,FALSE,
DLC4,Fine Young Cannibals - She Drives Me Crazy,Not Checked Yet,,,FALSE,
DLC4,Fitz and the Tantrums - HandClap,Not Checked Yet,,,FALSE,
DLC4,Fitz and the Tantrums - I Just Wanna Shine,Not Checked Yet,,,FALSE,
DLC4,Five Finger Death Punch - A Little Bit Off,Not Checked Yet,,,FALSE,
DLC4,Five Finger Death Punch - Blue on Black,Not Checked Yet,,,FALSE,
DLC4,Five Finger Death Punch - Got Your Six,Not Checked Yet,,,FALSE,
DLC4,Five Finger Death Punch - Inside Out,Not Checked Yet,,,FALSE,
DLC4,Five Finger Death Punch - Trouble,Not Checked Yet,,,FALSE,
DLC4,Five Finger Death Punch - When the Seasons Change,Not Checked Yet,,,FALSE,
DLC4,Five Finger Death Punch - Wrong Side of Heaven,Not Checked Yet,,,FALSE,
DLC4,flipturn - The Fall,Not Checked Yet,,,FALSE,
DLC4,Fly By Midnight - Vinyl,Not Checked Yet,,,FALSE,
DLC4,Foghat - Slow Ride,Not Checked Yet,,,FALSE,
DLC4,Foo Fighters - Making a Fire,Not Checked Yet,,,FALSE,
DLC4,Foo Fighters - Rescued,Not Checked Yet,,,FALSE,
DLC4,Foo Fighters - Run,Not Checked Yet,,,FALSE,
DLC4,Fountains of Wayne - Stacy's Mom,Not Checked Yet,,,FALSE,
DLC4,Fractal Universe - A Clockwork Expectation,Not Checked Yet,,,FALSE,
DLC4,Friday Pilots Club - IDWBS,Not Checked Yet,,,FALSE,
DLC4,Fuel - Hemorrhage (In My Hands),Not Checked Yet,,,FALSE,
DLC4,Fuel - Shimmer,Not Checked Yet,,,FALSE,
DLC4,Fun - Some Nights,Not Checked Yet,,,FALSE,
DLC4,Gabby Barrett - I Hope,Not Checked Yet,,,FALSE,
DLC4,Garbage - Stupid Girl,Not Checked Yet,,,FALSE,
DLC4,Gavin DeGraw - I Don't Want to Be,Not Checked Yet,,,FALSE,
DLC4,GAYLE - abcdefu,Not Checked Yet,,,FALSE,
DLC4,Generation X - Dancing with Myself,Not Checked Yet,,,FALSE,
DLC4,George Thorogood & the Destroyers - Who Do You Love,Not Checked Yet,,,FALSE,
DLC4,Gerry Rafferty - Baker Street,Not Checked Yet,,,FALSE,
DLC4,Ghost - Cirice,Not Checked Yet,,,FALSE,
DLC4,Ghost - Mary on a Cross,Not Checked Yet,,,FALSE,
DLC4,Ghost - Rats,Not Checked Yet,,,FALSE,
DLC4,Gin Blossoms - Found Out About You,Not Checked Yet,,,FALSE,
DLC4,Gin Blossoms - Hey Jealousy,Not Checked Yet,,,FALSE,
DLC4,girlfriends - Pretty Mouth,Not Checked Yet,,,FALSE,
DLC4,Glass Animals - Heat Waves,Not Checked Yet,,,FALSE,
DLC4,Godsmack - Awake,Not Checked Yet,,,FALSE,
DLC4,Godsmack - When Legends Rise,Not Checked Yet,,,FALSE,
DLC4,Goldfinger - Superman,Not Checked Yet,,,FALSE,
DLC4,Goo Goo Dolls - Iris,Not Checked Yet,,,FALSE,
DLC4,Goo Goo Dolls - Slide,Not Checked Yet,,,FALSE,
DLC4,Good Charlotte - Lifestyles of the Rich & Famous,Not Checked Yet,,,FALSE,
DLC4,Grade 2 - Brassic,Not Checked Yet,,,FALSE,
DLC4,Green Day - Father of All,Not Checked Yet,,,FALSE,
DLC4,Green Day - Still Breathing,Not Checked Yet,,,FALSE,
DLC4,Greta Van Fleet - Heat Above,Not Checked Yet,,,FALSE,
DLC4,Greta Van Fleet - Light My Love,Not Checked Yet,,,FALSE,
DLC4,"Greta Van Fleet - My Way, Soon",Not Checked Yet,,,FALSE,
DLC4,Greta Van Fleet - When The Curtain Falls,Not Checked Yet,,,FALSE,
DLC4,Grey Daze - Sickness,Not Checked Yet,,,FALSE,
DLC4,Gulfer - End of the World,Not Checked Yet,,,FALSE,
DLC4,GUNNAR - Bad Idea,Not Checked Yet,,,FALSE,
DLC4,H.E.R - 21,Not Checked Yet,,,FALSE,
DLC4,Hail the Sun - Mind Rider,Not Checked Yet,,,FALSE,
DLC4,Halestorm - Do Not Disturb,Not Checked Yet,,,FALSE,
DLC4,Halestorm - Uncomfortable,Not Checked Yet,,,FALSE,
DLC4,Hall & Oates - Rich Girl,Not Checked Yet,,,FALSE,
DLC4,Hall & Oates - You Make My Dreams,Not Checked Yet,,,FALSE,
DLC4,Harry Chapin - Cat's in the Cradle,Not Checked Yet,,,FALSE,
DLC4,Harry Styles - Adore You,Not Checked Yet,,,FALSE,
DLC4,Harry Styles - Golden,Not Checked Yet,,,FALSE,
DLC4,Harvey Danger - Flagpole Sitta,Not Checked Yet,,,FALSE,
DLC4,Hayley Williams - Simmer,Not Checked Yet,,,FALSE,
DLC4,Heart - Crazy On You,Not Checked Yet,,,FALSE,
DLC4,Heart - Magic Man,Not Checked Yet,,,FALSE,
DLC4,Heart - What About Love,Not Checked Yet,,,FALSE,
DLC4,Heaven's Basement - Welcome Home,Not Checked Yet,,,FALSE,
DLC4,HELLYEAH - Welcome Home,Not Checked Yet,,,FALSE,
DLC4,Highly Suspect - 16,Not Checked Yet,,,FALSE,
DLC4,Hinder - Lips Of An Angel,Not Checked Yet,,,FALSE,
DLC4,Hollywood Undead - City of the Dead,Not Checked Yet,,,FALSE,
DLC4,Hoobastank - The Reason,Not Checked Yet,,,FALSE,
DLC4,Hootie & The Blowfish - Hold My Hand,Not Checked Yet,,,FALSE,
DLC4,Hootie & The Blowfish - Let Her Cry,Not Checked Yet,,,FALSE,
DLC4,Hootie & the Blowfish - Only Wanna Be with You,Not Checked Yet,,,FALSE,
DLC4,HOUNDS - Shake Me Up,Not Checked Yet,,,FALSE,
DLC4,Hozier - Take Me To Church,Not Checked Yet,,,FALSE,
DLC4,HUNNY - Homesick,Not Checked Yet,,,FALSE,
DLC4,HUNNY - Shy,Not Checked Yet,,,FALSE,
DLC4,I Fight Dragons - She's Got Sorcery,Not Checked Yet,,,FALSE,
DLC4,I Prevail - Bad Things,Not Checked Yet,,,FALSE,
DLC4,I Prevail - Hurricane,Not Checked Yet,,,FALSE,
DLC4,Icon for Hire - Ready for Combat,Not Checked Yet,,,FALSE,
DLC4,Iggy Pop - Lust For Life,Not Checked Yet,,,FALSE,
DLC4,ILLENIUM - Good Things Fall Apart (ft. Jon Bellion),Not Checked Yet,,,FALSE,
DLC4,ILLENIUM - Worst Day (ft. MAX),Not Checked Yet,,,FALSE,
DLC4,Imagine Dragons - Believer,Not Checked Yet,,,FALSE,
DLC4,Imagine Dragons - Follow You,Not Checked Yet,,,FALSE,
DLC4,Imagine Dragons - Natural,Not Checked Yet,,,FALSE,
DLC4,Imagine Dragons - Radioactive,Not Checked Yet,,,FALSE,
DLC4,Imagine Dragons - Thunder,Not Checked Yet,,,FALSE,
DLC4,In The Valley Below - Bloodhands (Oh My Fever),Not Checked Yet,,,FALSE,
DLC4,Incubus - Stellar,Not Checked Yet,,,FALSE,
DLC4,Interloper - Pathkeeper,Not Checked Yet,,,FALSE,
DLC4,Interpol - All the Rage Back Home,Not Checked Yet,,,FALSE,
DLC4,INXS - What You Need,Not Checked Yet,,,FALSE,
DLC4,Iron Butterfly - In-A-Gadda-Da-Vida,Not Checked Yet,,,FALSE,
DLC4,Jack Johnson - Better Together,Not Checked Yet,,,FALSE,
DLC4,Jamiroquai - Canned Heat,Not Checked Yet,,,FALSE,
DLC4,Jane's Addiction - Stop!,Not Checked Yet,,,FALSE,
DLC4,Janis Joplin - Move Over,Not Checked Yet,,,FALSE,
DLC4,Jason Aldean - Burnin' It Down,Not Checked Yet,,,FALSE,
DLC4,Jason Aldean - Dirt Road Anthem,Not Checked Yet,,,FALSE,
DLC4,Jason Derulo - Want To Want Me,Not Checked Yet,,,FALSE,
DLC4,Jason Mraz - I'm Yours,Not Checked Yet,,,FALSE,
DLC4,Jeff Williams - The Triumph (ft. Casey Lee Williams),Not Checked Yet,,,FALSE,
DLC4,Jeff Williams - This Will Be the Day (ft. Casey Lee Williams),Not Checked Yet,,,FALSE,
DLC4,Jeff Williams - Time to Say Goodbye (ft. Casey Lee Williams),Not Checked Yet,,,FALSE,
DLC4,Jefferson Starship - Jane,Not Checked Yet,,,FALSE,
DLC4,"Jesus Jones - Right Here, Right Now",Not Checked Yet,,,FALSE,
DLC4,Jimmy Eat World - All The Way (Stay),Not Checked Yet,,,FALSE,
DLC4,Joan Jett & the Blackhearts - I Hate Myself for Loving You,Not Checked Yet,,,FALSE,
DLC4,Jocelyn & Chris Arndt - Shame,Not Checked Yet,,,FALSE,
DLC4,Joe Bean Esposito - You're the Best,Not Checked Yet,,,FALSE,
DLC4,Joe Jackson - Is She Really Going Out with Him,Not Checked Yet,,,FALSE,
DLC4,Joesef - It's Been a Little Heavy Lately,Not Checked Yet,,,FALSE,
DLC4,"John Denver - Take Me Home, Country Roads",Not Checked Yet,,,FALSE,
DLC4,"John Denver - Take Me Home, Country Roads '95",Not Checked Yet,,,FALSE,
DLC4,Jonas Brothers - Sucker,Not Checked Yet,,,FALSE,
DLC4,Judah & the Lion - Over My Head,Not Checked Yet,,,FALSE,
DLC4,Juice WRLD - Come & Go (ft. Marshmello),Not Checked Yet,,,FALSE,
DLC4,Justin Bieber - Boyfriend,Not Checked Yet,,,FALSE,
DLC4,Justin Bieber - Love Yourself,Not Checked Yet,,,FALSE,
DLC4,Justin Bieber - Sorry,Not Checked Yet,,,FALSE,
DLC4,Justin Bieber - What Do You Mean,Not Checked Yet,,,FALSE,
DLC4,JW Francis - Going Home to a Party,Not Checked Yet,,,FALSE,
DLC4,jxdn - Angels & Demons,Not Checked Yet,,,FALSE,
DLC4,Kaleo - Glass House,Not Checked Yet,,,FALSE,
DLC4,Kane Brown - Lose It,Not Checked Yet,,,FALSE,
DLC4,Katy Perry - Waking Up In Vegas,Not Checked Yet,,,FALSE,
DLC4,Kelly Clarkson - Heartbeat Song,Not Checked Yet,,,FALSE,
DLC4,Kelsy Karter - Devil On My Shoulder,Not Checked Yet,,,FALSE,
DLC4,Kenny Loggins - Danger Zone,Not Checked Yet,,,FALSE,
DLC4,KennyHoopla - estella-- (ft. Travis Barker),Not Checked Yet,,,FALSE,
DLC4,Kings Of Leon - Use Somebody,Not Checked Yet,,,FALSE,
DLC4,Kings Of Leon - Waste A Moment,Not Checked Yet,,,FALSE,
DLC4,Kool & the Gang - Celebration,Not Checked Yet,,,FALSE,
DLC4,Lady Gaga - Applause,Not Checked Yet,,,FALSE,
DLC4,Lady Gaga - A-YO,Not Checked Yet,,,FALSE,
DLC4,Lady Gaga - The Edge of Glory,Not Checked Yet,,,FALSE,
DLC4,Lamb of God - Redneck,Not Checked Yet,,,FALSE,
DLC4,Legitimate Front - She,Not Checked Yet,,,FALSE,
DLC4,LEN - Steal My Sunshine,Not Checked Yet,,,FALSE,
DLC4,Letters to Cleo - Here & Now,Not Checked Yet,,,FALSE,
DLC4,Lifehouse - Hanging By A Moment,Not Checked Yet,,,FALSE,
DLC4,Light the Torch - Let Me Fall Apart,Not Checked Yet,,,FALSE,
DLC4,Lil Nas X - MONTERO (Call Me by Your Name),Not Checked Yet,,,FALSE,
DLC4,Lil Nas X - Old Town Road (Remix) (ft. Billy Ray Cyrus),Not Checked Yet,,,FALSE,
DLC4,Limp Bizkit - Rollin' (Air Raid Vehicle),Not Checked Yet,,,FALSE,
DLC4,Linkin Park - Given Up,Not Checked Yet,,,FALSE,
DLC4,Linkin Park - Lying From You,Not Checked Yet,,,FALSE,
DLC4,Linkin Park - More the Victim,Not Checked Yet,,,FALSE,
DLC4,Linkin Park - Rebellion (ft. Daron Malakian),Not Checked Yet,,,FALSE,
DLC4,Lisa Loeb & Nine Stories - Stay (I Missed You),Not Checked Yet,,,FALSE,
DLC4,Lit - Mouth Shut,Not Checked Yet,,,FALSE,
DLC4,Lita Ford - Kiss Me Deadly,Not Checked Yet,,,FALSE,
DLC4,"Little Nell, Patricia Quinn & Richard O'Brien - Time Warp",Not Checked Yet,,,FALSE,
DLC4,Little River Band - Reminiscing,Not Checked Yet,,,FALSE,
DLC4,Lizzo - Juice,Not Checked Yet,,,FALSE,
DLC4,LMFAO - Party Rock Anthem (ft. Lauren Bennett & GoonRock),Not Checked Yet,,,FALSE,
DLC4,Local Natives - When Am I Gonna Lose You,Not Checked Yet,,,FALSE,
DLC4,Looking Glass - Brandy (You're a Fine Girl),Not Checked Yet,,,FALSE,
DLC4,Lorde - Royals,Not Checked Yet,,,FALSE,
DLC4,Los Lobos - La Bamba,Not Checked Yet,,,FALSE,
DLC4,lovelytheband - Broken,Not Checked Yet,,,FALSE,
DLC4,Luke Bryan - That's My Kind of Night,Not Checked Yet,,,FALSE,
DLC4,Machine Gun Kelly - bloody valentine,Not Checked Yet,,,FALSE,
DLC4,Machine Gun Kelly - I Think I'm OKAY (ft. YUNGBLUD & Travis Barker),Not Checked Yet,,,FALSE,
DLC4,Machine Gun Kelly - My Ex's Best Friend (ft. blackbear),Not Checked Yet,,,FALSE,
DLC4,Macklemore & Ryan Lewis - Can't Hold Us (ft. Ray Dalton),Not Checked Yet,,,FALSE,
DLC4,Magic! - Rude,Not Checked Yet,,,FALSE,
DLC4,Magnolia Park - Addison Rae,Not Checked Yet,,,FALSE,
DLC4,Magnolia Park - Radio Reject,Not Checked Yet,,,FALSE,
DLC4,Magnolia Park - Tonight (ft. Lil Lotus),Not Checked Yet,,,FALSE,
DLC4,Mammoth WVH - Distance,Not Checked Yet,,,FALSE,
DLC4,Marilyn Manson - The Mephistopheles of Los Angeles,Not Checked Yet,,,FALSE,
DLC4,Maroon 5 - Girls Like You,Not Checked Yet,,,FALSE,
DLC4,Maroon 5 - Maps,Not Checked Yet,,,FALSE,
DLC4,Maroon 5 - One More Night,Not Checked Yet,,,FALSE,
DLC4,Marshmello - Numb (ft. Khalid),Not Checked Yet,,,FALSE,
DLC4,masaya matsuura - speed fighter,Not Checked Yet,,,FALSE,
DLC4,Masked Wolf - Astronaut In The Ocean,Not Checked Yet,,,FALSE,
DLC4,Mastodon - High Road,Not Checked Yet,,,FALSE,
DLC4,Matchbox Twenty - 3AM,Not Checked Yet,,,FALSE,
DLC4,Matchbox Twenty - Push,Not Checked Yet,,,FALSE,
DLC4,Matchbox Twenty - Unwell,Not Checked Yet,,,FALSE,
DLC4,Mayday Parade - Kids Of Summer,Not Checked Yet,,,FALSE,
DLC4,Megadeth - Dystopia,Not Checked Yet,,,FALSE,
DLC4,Megadeth - Fatal Illusion,Not Checked Yet,,,FALSE,
DLC4,Megadeth - Trust,Not Checked Yet,,,FALSE,
DLC4,Meghan Trainor - All About That Bass,Not Checked Yet,,,FALSE,
DLC4,Meredith Brooks - Bitch,Not Checked Yet,,,FALSE,
DLC4,Metric - Help I'm Alive,Not Checked Yet,,,FALSE,
DLC4,MGMT - Kids,Not Checked Yet,,,FALSE,
DLC4,Michelle Branch - All You Wanted,Not Checked Yet,,,FALSE,
DLC4,Militarie Gun - Let Me Be Normal,Not Checked Yet,,,FALSE,
DLC4,Milky Chance - Stolen Dance,Not Checked Yet,,,FALSE,
DLC4,Modest Mouse - We Are Between,Not Checked Yet,,,FALSE,
DLC4,Mom Jeans - Girl Scout Cookies,Not Checked Yet,,,FALSE,
DLC4,Mom Jeans - White Trash Millionaire,Not Checked Yet,,,FALSE,
DLC4,Montell Jordan - This Is How We Do It,Not Checked Yet,,,FALSE,
DLC4,Motörhead - Thunder & Lightning,Not Checked Yet,,,FALSE,
DLC4,Mumford & Sons - Blind Leading the Blind,Not Checked Yet,,,FALSE,
DLC4,Mumford & Sons - I Will Wait,Not Checked Yet,,,FALSE,
DLC4,Muse - Knights of Cydonia,Not Checked Yet,,,FALSE,
DLC4,Muse - Starlight,Not Checked Yet,,,FALSE,
DLC4,Muse - Won't Stand Down,Not Checked Yet,,,FALSE,
DLC4,My Chemical Romance - Famous Last Words,Not Checked Yet,,,FALSE,
DLC4,My Chemical Romance - The Foundations of Decay,Not Checked Yet,,,FALSE,
DLC4,My Kid Brother - High Society,Not Checked Yet,,,FALSE,
DLC4,My Kid Brother - Native Tongue,Not Checked Yet,,,FALSE,
DLC4,My Morning Jacket - One Big Holiday,Not Checked Yet,,,FALSE,
DLC4,Naked Eyes - Always Something There to Remind Me,Not Checked Yet,,,FALSE,
DLC4,Naked Gypsy Queens - Down to the Devil,Not Checked Yet,,,FALSE,
DLC4,Natalie Imbruglia - Torn,Not Checked Yet,,,FALSE,
DLC4,Natasha Bedingfield - Unwritten,Not Checked Yet,,,FALSE,
DLC4,Neck Deep - Heartbreak of the Century,Not Checked Yet,,,FALSE,
DLC4,Neon Trees - Everybody Talks,Not Checked Yet,,,FALSE,
DLC4,Neon Trees - Used To Like,Not Checked Yet,,,FALSE,
DLC4,New Found Glory - All Downhill From Here,Not Checked Yet,,,FALSE,
DLC4,New Found Glory - Greatest Of All Time,Not Checked Yet,,,FALSE,
DLC4,New Found Glory - Iris,Not Checked Yet,,,FALSE,
DLC4,New Found Glory - My Friends Over You,Not Checked Yet,,,FALSE,
DLC4,New Order - Bizarre Love Triangle,Not Checked Yet,,,FALSE,
DLC4,Newfane - Don't Let Her Go,Not Checked Yet,,,FALSE,
DLC4,Nickelback - The Devil Went Down to Georgia,Not Checked Yet,,,FALSE,
DLC4,Nicki Minaj - Starships,Not Checked Yet,,,FALSE,
DLC4,Nicki Minaj - Super Freaky Girl,Not Checked Yet,,,FALSE,
DLC4,Ni-Co - A Little Bit Better,Not Checked Yet,,,FALSE,
DLC4,Nightmare Air - Who's Your Lover,Not Checked Yet,,,FALSE,
DLC4,Nine Days - Absolutely (Story Of A Girl),Not Checked Yet,,,FALSE,
DLC4,Nirvana - The Man Who Sold the World (Live from MTV Unplugged),Not Checked Yet,,,FALSE,
DLC4,Nita Strauss - Dead Inside (ft. David Draiman),Not Checked Yet,,,FALSE,
DLC4,Nita Strauss - Through the Noise (ft. Lzzy Hale),Not Checked Yet,,,FALSE,
DLC4,No Small Children - Radio,Not Checked Yet,,,FALSE,
DLC4,Oasis - Champagne Supernova,Not Checked Yet,,,FALSE,
DLC4,Octavision - Three Lives,Not Checked Yet,,,FALSE,
DLC4,Of Mice & Men - Back To Me,Not Checked Yet,,,FALSE,
DLC4,Of Mice & Men - Taste Of Regret,Not Checked Yet,,,FALSE,
DLC4,Of Mice & Men - Would You Still Be There,Not Checked Yet,,,FALSE,
DLC4,Of Monsters And Men - Alligator,Not Checked Yet,,,FALSE,
DLC4,Of Monsters And Men - Little Talks,Not Checked Yet,,,FALSE,
DLC4,Of Monsters and Men - Mountain Sound,Not Checked Yet,,,FALSE,
DLC4,Of Monsters and Men - Visitor,Not Checked Yet,,,FALSE,
DLC4,Of Monsters and Men - Wars,Not Checked Yet,,,FALSE,
DLC4,"Oh Honey - Sugar, You",Not Checked Yet,,,FALSE,
DLC4,Old Dominion - Hotel Key,Not Checked Yet,,,FALSE,
DLC4,Old Dominion - One Man Band,Not Checked Yet,,,FALSE,
DLC4,Oldsoul - Like No Surprise,Not Checked Yet,,,FALSE,
DLC4,Oliver Tree - Hurt,Not Checked Yet,,,FALSE,
DLC4,Olivia Newton-John - Physical,Not Checked Yet,,,FALSE,
DLC4,Olivia Rodrigo - brutal,Not Checked Yet,,,FALSE,
DLC4,Olivia Rodrigo - good 4 u,Not Checked Yet,,,FALSE,
DLC4,Olivia Rodrigo - good 4 u (Radio Edit),Not Checked Yet,,,FALSE,
DLC4,OMI - Cheerleader (Felix Jaehn Remix),Not Checked Yet,,,FALSE,
DLC4,One Direction - Best Song Ever,Not Checked Yet,,,FALSE,
DLC4,One Direction - Drag Me Down,Not Checked Yet,,,FALSE,
DLC4,One Direction - Never Enough,Not Checked Yet,,,FALSE,
DLC4,One Direction - Story of My Life,Not Checked Yet,,,FALSE,
DLC4,One Direction - What Makes You Beautiful,Not Checked Yet,,,FALSE,
DLC4,OneRepublic - Counting Stars,Not Checked Yet,,,FALSE,
DLC4,OneRepublic - I Ain't Worried,Not Checked Yet,,,FALSE,
DLC4,Opeth - Heir Apparent,Not Checked Yet,,,FALSE,
DLC4,Orgy - Blue Monday,Not Checked Yet,,,FALSE,
DLC4,Origami Angel - The Title Track,Not Checked Yet,,,FALSE,
DLC4,ORION - Time For Crime,Not Checked Yet,,,FALSE,
DLC4,Orleans - Still The One,Not Checked Yet,,,FALSE,
DLC4,Our Last Night - Astronaut In The Ocean,Not Checked Yet,,,FALSE,
DLC4,Outkast - Hey Ya!,Not Checked Yet,,,FALSE,
DLC4,Ozzy Osbourne - Road To Nowhere,Not Checked Yet,,,FALSE,
DLC4,Panic at the Disco - High Hopes,Not Checked Yet,,,FALSE,
DLC4,Pantera - Cowboys from Hell (Live from Monsters in Moscow),Not Checked Yet,,,FALSE,
DLC4,Papa Roach - No Apologies,Not Checked Yet,,,FALSE,
DLC4,Paramore - Ain't It Fun,Not Checked Yet,,,FALSE,
DLC4,Paramore - Hard Times,Not Checked Yet,,,FALSE,
DLC4,Paramore - This Is Why,Not Checked Yet,,,FALSE,
DLC4,Parks - Sweater Weather,Not Checked Yet,,,FALSE,
DLC4,Permaband - Killing Is Just A Means,Not Checked Yet,,,FALSE,
DLC4,Permaband - Wrecking Machine,Not Checked Yet,,,FALSE,
DLC4,Pete Townshend - Let My Love Open The Door,Not Checked Yet,,,FALSE,
DLC4,Peter Frampton - Show Me the Way (Live),Not Checked Yet,,,FALSE,
DLC4,Pharrell Williams - Happy,Not Checked Yet,,,FALSE,
DLC4,Pierce the Veil - Circles,Not Checked Yet,,,FALSE,
DLC4,Pierce the Veil - King for a Day (ft. Kellin Quinn),Not Checked Yet,,,FALSE,
DLC4,Pierce the Veil - Pass the Nirvana,Not Checked Yet,,,FALSE,
DLC4,Pigs Pigs Pigs Pigs Pigs Pigs Pigs - Big Rig,Not Checked Yet,,,FALSE,
DLC4,Pixies - Where Is My Mind,Not Checked Yet,,,FALSE,
DLC4,Player - Baby Come Back,Not Checked Yet,,,FALSE,
DLC4,Portugal. The Man - Feel It Still,Not Checked Yet,,,FALSE,
DLC4,Portugal. The Man - Live In The Moment,Not Checked Yet,,,FALSE,
DLC4,Post Malone - Circles,Not Checked Yet,,,FALSE,
DLC4,Post Malone - Take What You Want (ft. Ozzy Osbourne & Travis Scott),Not Checked Yet,,,FALSE,
DLC4,Potty Mouth - Let Go,Not Checked Yet,,,FALSE,
DLC4,PREACHERVAN - Love That Hurts,Not Checked Yet,,,FALSE,
DLC4,Prince Daddy & The Hyena - Cosmic Thrill Seeking Forever,Not Checked Yet,,,FALSE,
DLC4,Public Enemy - Bring tha Noize (ft. Anthrax),Not Checked Yet,,,FALSE,
DLC4,PUP - Matilda,Not Checked Yet,,,FALSE,
DLC4,Queens of the Stone Age - The Way You Used to Do,Not Checked Yet,,,FALSE,
DLC4,Radio Compass - Run With You,Not Checked Yet,,,FALSE,
DLC4,Radiohead - Karma Police,Not Checked Yet,,,FALSE,
DLC4,Ram Jam - Black Betty,Not Checked Yet,,,FALSE,
DLC4,"Ratboys - Black Earth, WI",Not Checked Yet,,,FALSE,
DLC4,Ravi Shavi - Masquerader,Not Checked Yet,,,FALSE,
DLC4,Red Hot Chili Peppers - Black Summer,Not Checked Yet,,,FALSE,
DLC4,Redbone - Come and Get Your Love,Not Checked Yet,,,FALSE,
DLC4,Reel Big Fish - Sell Out,Not Checked Yet,,,FALSE,
DLC4,Reel Big Fish - Take on Me,Not Checked Yet,,,FALSE,
DLC4,Rick James - Super Freak,Not Checked Yet,,,FALSE,
DLC4,Ripe - Settling,Not Checked Yet,,,FALSE,
DLC4,Rise Against - Nowhere Generation,Not Checked Yet,,,FALSE,
DLC4,Rival Sons - Do Your Worst,Not Checked Yet,,,FALSE,
DLC4,"Robert Palmer - Bad Case of Loving You (Doctor, Doctor)",Not Checked Yet,,,FALSE,
DLC4,Robin Thicke - Blurred Lines (ft. Pharrell),Not Checked Yet,,,FALSE,
DLC4,Royal Blood - Figure It Out,Not Checked Yet,,,FALSE,
DLC4,Rupert Holmes - Escape (The Piña Colada Song),Not Checked Yet,,,FALSE,
DLC4,Rush - Freewill (Vault Edition),Not Checked Yet,,,FALSE,
DLC4,Rusted Root - Send Me on My Way,Not Checked Yet,,,FALSE,
DLC4,Saint Motel - Van Horn,Not Checked Yet,,,FALSE,
DLC4,Saint Raymond - Young Blood,Not Checked Yet,,,FALSE,
DLC4,Sam Hunt - Body Like A Back Road,Not Checked Yet,,,FALSE,
DLC4,Sam Hunt - House Party,Not Checked Yet,,,FALSE,
DLC4,Sam Hunt - Leave The Night On,Not Checked Yet,,,FALSE,
DLC4,Sammy Hagar - I Can't Drive 55,Not Checked Yet,,,FALSE,
DLC4,Savage Garden - I Want You,Not Checked Yet,,,FALSE,
DLC4,Save Face - Bury Me (Tonight!),Not Checked Yet,,,FALSE,
DLC4,Say Anything - Alive with the Glory of Love,Not Checked Yet,,,FALSE,
DLC4,Scorpions - Rock You Like a Hurricane,Not Checked Yet,,,FALSE,
DLC4,Seasick Steve - Summertime Boy,Not Checked Yet,,,FALSE,
DLC4,Seether - Broken (ft. Amy Lee),Not Checked Yet,,,FALSE,
DLC4,Semisonic - Closing Time,Not Checked Yet,,,FALSE,
DLC4,Set It Off - Dangerous,Not Checked Yet,,,FALSE,
DLC4,Seven Mary Three - Cumbersome,Not Checked Yet,,,FALSE,
DLC4,Shania Twain - Man! I Feel Like a Woman!,Not Checked Yet,,,FALSE,
DLC4,Shania Twain - That Don't Impress Me Much,Not Checked Yet,,,FALSE,
DLC4,Shawn Mendes - Higher,Not Checked Yet,,,FALSE,
DLC4,Shawn Mendes - Stitches,Not Checked Yet,,,FALSE,
DLC4,Shawn Mendes - There's Nothing Holdin' Me Back,Not Checked Yet,,,FALSE,
DLC4,Shawn Mendes - Treat You Better,Not Checked Yet,,,FALSE,
DLC4,Sheryl Crow - Soak Up the Sun,Not Checked Yet,,,FALSE,
DLC4,Ships Have Sailed - Let's Just Dance,Not Checked Yet,,,FALSE,
DLC4,Shocked Laura - Fall Apart,Not Checked Yet,,,FALSE,
DLC4,Sia - Chandelier,Not Checked Yet,,,FALSE,
DLC4,Sia - Cheap Thrills (ft. Sean Paul),Not Checked Yet,,,FALSE,
DLC4,Sia - The Greatest (ft. Kendrick Lamar),Not Checked Yet,,,FALSE,
DLC4,Silverstein - Poison Pill,Not Checked Yet,,,FALSE,
DLC4,Simple Minds - Don't You (Forget About Me),Not Checked Yet,,,FALSE,
DLC4,Simple Plan - Addicted,Not Checked Yet,,,FALSE,
DLC4,Simple Plan - Welcome To My Life,Not Checked Yet,,,FALSE,
DLC4,Simple Plan & State Champs - Where I Belong (ft. We the Kings),Not Checked Yet,,,FALSE,
DLC4,Sister Hazel - All For You,Not Checked Yet,,,FALSE,
DLC4,Sister Sledge - We Are Family,Not Checked Yet,,,FALSE,
DLC4,Skid Row - 18 and Life,Not Checked Yet,,,FALSE,
DLC4,Skid Row - I Remember You,Not Checked Yet,,,FALSE,
DLC4,Skid Row - The Gang's All Here,Not Checked Yet,,,FALSE,
DLC4,Skillet - Feel Invincible,Not Checked Yet,,,FALSE,
DLC4,Slayer - Angel of Death,Not Checked Yet,,,FALSE,
DLC4,Sleep Token - The Summoning,Not Checked Yet,,,FALSE,
DLC4,Sleeping with Sirens - Crosses (ft. Spencer Chamberlain),Not Checked Yet,,,FALSE,
DLC4,Slipknot - Dead Memories,Not Checked Yet,,,FALSE,
DLC4,Slipknot - The Devil In I,Not Checked Yet,,,FALSE,
DLC4,Slipknot - Unsainted,Not Checked Yet,,,FALSE,
DLC4,Solence - Rain Down,Not Checked Yet,,,FALSE,
DLC4,Soundgarden - My Wave,Not Checked Yet,,,FALSE,
DLC4,Spell - Ultraviolet,Not Checked Yet,,,FALSE,
DLC4,Spirit Kid - To My Romeo,Not Checked Yet,,,FALSE,
DLC4,Spiritbox - Secret Garden,Not Checked Yet,,,FALSE,
DLC4,St. Vincent - Down,Not Checked Yet,,,FALSE,
DLC4,Staind - Outside,Not Checked Yet,,,FALSE,
DLC4,Starcrawler - Runaway,Not Checked Yet,,,FALSE,
DLC4,Starset - My Demons,Not Checked Yet,,,FALSE,
DLC4,Status Quo - Pictures of Matchstick Men,Not Checked Yet,,,FALSE,
DLC4,Steely Dan - Peg,Not Checked Yet,,,FALSE,
DLC4,Steely Dan - Reelin' in the Years,Not Checked Yet,,,FALSE,
DLC4,Stephen Sanchez - Until I Found You,Not Checked Yet,,,FALSE,
DLC4,Steppenwolf - Born to Be Wild,Not Checked Yet,,,FALSE,
DLC4,Steve Pardo - Super Beat Sports Big Baoz Battle,Not Checked Yet,,,FALSE,
DLC4,Stevie Ray Vaughan and Double Trouble - Crossfire,Not Checked Yet,,,FALSE,
DLC4,Stone Sour - Song #3,Not Checked Yet,,,FALSE,
DLC4,Stone Temple Pilots - Wicked Garden,Not Checked Yet,,,FALSE,
DLC4,Sub Urban - Cradles,Not Checked Yet,,,FALSE,
DLC4,Sueco - Paralyzed,Not Checked Yet,,,FALSE,
DLC4,Sugar Ray - Every Morning,Not Checked Yet,,,FALSE,
DLC4,Sugarcult - Memory,Not Checked Yet,,,FALSE,
DLC4,Surf Curse - Freaks,Not Checked Yet,,,FALSE,
DLC4,Surf Mesa - ily (i love you baby) (ft. Emilee),Not Checked Yet,,,FALSE,
DLC4,Sweet Pill - Where the Heart Is,Not Checked Yet,,,FALSE,
DLC4,Switchfoot - Float,Not Checked Yet,,,FALSE,
DLC4,Symphony X - Nevermore,Not Checked Yet,,,FALSE,
DLC4,Tai Verdes - A-O-K,Not Checked Yet,,,FALSE,
DLC4,Taking Back Sunday - A Decade Under the Influence,Not Checked Yet,,,FALSE,
DLC4,Taking Back Sunday - Cute Without the 'E' (Cut from the Team),Not Checked Yet,,,FALSE,
DLC4,Tate McRae - she's all i wanna be,Not Checked Yet,,,FALSE,
DLC4,Ted Nugent - Stranglehold,Not Checked Yet,,,FALSE,
DLC4,Teenage Wrist - Earth Is A Black Hole,Not Checked Yet,,,FALSE,
DLC4,Temple of the Dog - Hunger Strike,Not Checked Yet,,,FALSE,
DLC4,The 1975 - Give Yourself A Try,Not Checked Yet,,,FALSE,
DLC4,The Aces - Girls Make Me Wanna Die,Not Checked Yet,,,FALSE,
DLC4,The Almost - Ain't No King,Not Checked Yet,,,FALSE,
DLC4,The Bangles - Hazy Shade of Winter,Not Checked Yet,,,FALSE,
DLC4,The Barbazons - Bad Catholics,Not Checked Yet,,,FALSE,
DLC4,The Bergamot - Forget About Tomorrow,Not Checked Yet,,,FALSE,
DLC4,The Black Cheers - (You're) Breakin' Up,Not Checked Yet,,,FALSE,
DLC4,The Black Eyed Peas - I Gotta Feeling,Not Checked Yet,,,FALSE,
DLC4,The Black Keys - Gold On The Ceiling,Not Checked Yet,,,FALSE,
DLC4,The Black Keys - Wild Child,Not Checked Yet,,,FALSE,
DLC4,The Blue Stones - Let Me Out,Not Checked Yet,,,FALSE,
DLC4,The Bouncing Souls - ¡Olé!,Not Checked Yet,,,FALSE,
DLC4,The Bouncing Souls - Back to Better,Not Checked Yet,,,FALSE,
DLC4,The Bravery - Believe,Not Checked Yet,,,FALSE,
DLC4,The Brevet - Locked & Loaded,Not Checked Yet,,,FALSE,
DLC4,The Brevet - Shapeshifter,Not Checked Yet,,,FALSE,
DLC4,The Calling - Wherever You Will Go,Not Checked Yet,,,FALSE,
DLC4,The Chainsmokers - Closer (ft. Halsey),Not Checked Yet,,,FALSE,
DLC4,The Chainsmokers - Something Just Like This (ft. Coldplay),Not Checked Yet,,,FALSE,
DLC4,The Cramps - Goo Goo Muck,Not Checked Yet,,,FALSE,
DLC4,The Cranberries - Dreams,Not Checked Yet,,,FALSE,
DLC4,The Cranberries - Ode To My Family,Not Checked Yet,,,FALSE,
DLC4,The Cranberries - Zombie,Not Checked Yet,,,FALSE,
DLC4,The Cure - Lovesong,Not Checked Yet,,,FALSE,
DLC4,The Dark Element - The Pallbearer Walks Alone,Not Checked Yet,,,FALSE,
DLC4,The Devil Wears Prada - Sacrifice,Not Checked Yet,,,FALSE,
DLC4,The Donnas - Take It Off,Not Checked Yet,,,FALSE,
DLC4,The Eiffels - Body Like That,Not Checked Yet,,,FALSE,
DLC4,The Faim - The Hills,Not Checked Yet,,,FALSE,
DLC4,The Fall of Troy - F.C.P.R.E.M.I.X,Not Checked Yet,,,FALSE,
DLC4,The Foxies - Headsweat,Not Checked Yet,,,FALSE,
DLC4,The Fratellis - Chelsea Dagger,Not Checked Yet,,,FALSE,
DLC4,The Glorious Sons - Panic Attack,Not Checked Yet,,,FALSE,
DLC4,The Glorious Sons - S.O.S,Not Checked Yet,,,FALSE,
DLC4,The Head and the Heart - Missed Connection,Not Checked Yet,,,FALSE,
DLC4,The Heavy Heavy - Miles and Miles,Not Checked Yet,,,FALSE,
DLC4,The Hollies - Long Cool Woman (In a Black Dress),Not Checked Yet,,,FALSE,
DLC4,The Hunna - You & Me,Not Checked Yet,,,FALSE,
DLC4,The Interrupters - Anything Was Better,Not Checked Yet,,,FALSE,
DLC4,The Isley Brothers - Shout,Not Checked Yet,,,FALSE,
DLC4,The J. Geils Band - Love Stinks,Not Checked Yet,,,FALSE,
DLC4,The Killers - All These Things That I've Done,Not Checked Yet,,,FALSE,
DLC4,The Killers - Caution,Not Checked Yet,,,FALSE,
DLC4,The Lighthouse and the Whaler - Future Blind,Not Checked Yet,,,FALSE,
DLC4,The Linda Lindas - Oh!,Not Checked Yet,,,FALSE,
DLC4,The Lumineers - Gloria,Not Checked Yet,,,FALSE,
DLC4,The Maine - Loved You a Little (ft. Taking Back Sunday & Charlotte Sands),Not Checked Yet,,,FALSE,
DLC4,The Neighbourhood - Sweater Weather,Not Checked Yet,,,FALSE,
DLC4,The New Pornographers - One Kind of Solomon,Not Checked Yet,,,FALSE,
DLC4,The Offspring - Let the Bad Times Roll,Not Checked Yet,,,FALSE,
DLC4,"The Offspring - You're Gonna Go Far, Kid",Not Checked Yet,,,FALSE,
DLC4,The Pretty Reckless - And So It Went (ft. Tom Morello),Not Checked Yet,,,FALSE,
DLC4,The Pretty Reckless - Death by Rock and Roll,Not Checked Yet,,,FALSE,
DLC4,The Pretty Reckless - Follow Me Down,Not Checked Yet,,,FALSE,
DLC4,The Pretty Reckless - Heaven Knows,Not Checked Yet,,,FALSE,
DLC4,The Pretty Reckless - Only Love Can Save Me Now (ft. Matt Cameron & Kim Thayil),Not Checked Yet,,,FALSE,
DLC4,The Proclaimers - I'm Gonna Be (500 Miles),Not Checked Yet,,,FALSE,
DLC4,The Protomen - This City Made Us,Not Checked Yet,,,FALSE,
DLC4,The Red Jumpsuit Apparatus - Face Down,Not Checked Yet,,,FALSE,
DLC4,The Rembrandts - I'll Be There for You (Theme from Friends),Not Checked Yet,,,FALSE,
DLC4,The Revel - L.E.S,Not Checked Yet,,,FALSE,
DLC4,The Revivalists - Change,Not Checked Yet,,,FALSE,
DLC4,The Romantics - What I Like About You,Not Checked Yet,,,FALSE,
DLC4,The Shelters - Rebel Heart,Not Checked Yet,,,FALSE,
DLC4,The Strokes - Bad Decisions,Not Checked Yet,,,FALSE,
DLC4,The Strumbellas - Salvation,Not Checked Yet,,,FALSE,
DLC4,The Struts - Body Talks,Not Checked Yet,,,FALSE,
DLC4,The Temper Trap - Alive,Not Checked Yet,,,FALSE,
DLC4,The Troggs - Our Love Will Still Be There,Not Checked Yet,,,FALSE,
DLC4,The Troggs - Wild Thing,Not Checked Yet,,,FALSE,
DLC4,The Unlikely Candidates - Novocaine,Not Checked Yet,,,FALSE,
DLC4,The Used - The Bird and the Worm,Not Checked Yet,,,FALSE,
DLC4,The Velveteers - Devil's Radio,Not Checked Yet,,,FALSE,
DLC4,The Warning - Survive,Not Checked Yet,,,FALSE,
DLC4,The Weeknd - Blinding Lights,Not Checked Yet,,,FALSE,
DLC4,The Weeknd - Can't Feel My Face,Not Checked Yet,,,FALSE,
DLC4,The Weeknd - Starboy (ft. Daft Punk),Not Checked Yet,,,FALSE,
DLC4,The Weeknd - The Hills,Not Checked Yet,,,FALSE,
DLC4,The Wild Feathers - Backwoods Company,Not Checked Yet,,,FALSE,
DLC4,The Wind and The Wave - Grand Canyon,Not Checked Yet,,,FALSE,
DLC4,The Wonder Years - Oldest Daughter,Not Checked Yet,,,FALSE,
DLC4,Theory of a Deadman - History of Violence,Not Checked Yet,,,FALSE,
DLC4,Third Eye Blind - Jumper,Not Checked Yet,,,FALSE,
DLC4,Three Days Grace - Never Too Late,Not Checked Yet,,,FALSE,
DLC4,tiLLie - Save Yourself,Not Checked Yet,,,FALSE,
DLC4,Tiny Moving Parts - Medicine,Not Checked Yet,,,FALSE,
DLC4,Toad and the Stooligans - Stevie Sees,Not Checked Yet,,,FALSE,
DLC4,Tom Petty and the Heartbreakers - Don't Do Me Like That,Not Checked Yet,,,FALSE,
DLC4,Tom Petty and the Heartbreakers - Learning to Fly,Not Checked Yet,,,FALSE,
DLC4,Tonic - If You Could Only See,Not Checked Yet,,,FALSE,
DLC4,Toto - Africa,Not Checked Yet,,,FALSE,
DLC4,Toto - Hold the Line,Not Checked Yet,,,FALSE,
DLC4,TOWNS - Season 5 (Break My Fall),Not Checked Yet,,,FALSE,
DLC4,Tracy Bonham - Mother Mother,Not Checked Yet,,,FALSE,
DLC4,Trevor Daniel - Falling,Not Checked Yet,,,FALSE,
DLC4,Trivium - The Heart From Your Hate,Not Checked Yet,,,FALSE,
DLC4,Twenty One Pilots - Heathens,Not Checked Yet,,,FALSE,
DLC4,Twenty One Pilots - Level of Concern,Not Checked Yet,,,FALSE,
DLC4,Twenty One Pilots - Ride,Not Checked Yet,,,FALSE,
DLC4,Twenty One Pilots - Stressed Out,Not Checked Yet,,,FALSE,
DLC4,Twisted Sister - I Wanna Rock,Not Checked Yet,,,FALSE,
DLC4,Twisted Sister - We're Not Gonna Take It,Not Checked Yet,,,FALSE,
DLC4,Two Door Cinema Club - What You Know,Not Checked Yet,,,FALSE,
DLC4,U2 - California (There Is No End To Love),Not Checked Yet,,,FALSE,
DLC4,U2 - Desire,Not Checked Yet,,,FALSE,
DLC4,U2 - One,Not Checked Yet,,,FALSE,
DLC4,U2 - Pride (In The Name Of Love),Not Checked Yet,,,FALSE,
DLC4,U2 - Sunday Bloody Sunday,Not Checked Yet,,,FALSE,
DLC4,U2 - The Miracle (Of Joey Ramone),Not Checked Yet,,,FALSE,
DLC4,U2 - Vertigo,Not Checked Yet,,,FALSE,
DLC4,U2 - Where the Streets Have No Name,Not Checked Yet,,,FALSE,
DLC4,UB40 - Red Red Wine,Not Checked Yet,,,FALSE,
DLC4,Vampire Weekend - Harmony Hall,Not Checked Yet,,,FALSE,
DLC4,Van Halen - Ain't Talkin' 'Bout Love,Not Checked Yet,,,FALSE,
DLC4,Van Halen - And The Cradle Will Rock,Not Checked Yet,,,FALSE,
DLC4,Van Halen - Dance The Night Away,Not Checked Yet,,,FALSE,
DLC4,Van Halen - Hot For Teacher,Not Checked Yet,,,FALSE,
DLC4,Van Halen - Runnin' with the Devil,Not Checked Yet,,,FALSE,
DLC4,Van Halen - Unchained,Not Checked Yet,,,FALSE,
DLC4,Vance Joy - Missing Piece,Not Checked Yet,,,FALSE,
DLC4,Vance Joy - Riptide,Not Checked Yet,,,FALSE,
DLC4,Vanilla Ice - Ice Ice Baby,Not Checked Yet,,,FALSE,
DLC4,Varials - Circles,Not Checked Yet,,,FALSE,
DLC4,Vertical Horizon - Everything You Want,Not Checked Yet,,,FALSE,
DLC4,Veruca Salt - Seether,Not Checked Yet,,,FALSE,
DLC4,Violent Femmes - Blister In The Sun,Not Checked Yet,,,FALSE,
DLC4,Violet Saturn - Love U Madly,Not Checked Yet,,,FALSE,
DLC4,Walk The Moon - Different Colors,Not Checked Yet,,,FALSE,
DLC4,Walk The Moon - Kamikaze,Not Checked Yet,,,FALSE,
DLC4,Walk The Moon - Shut Up and Dance,Not Checked Yet,,,FALSE,
DLC4,Wallows - Pictures of Girls,Not Checked Yet,,,FALSE,
DLC4,Warrant - Cherry Pie,Not Checked Yet,,,FALSE,
DLC4,Wednesday - Bath County,Not Checked Yet,,,FALSE,
DLC4,Weezer - Africa,Not Checked Yet,,,FALSE,
DLC4,Weezer - All My Favorite Songs,Not Checked Yet,,,FALSE,
DLC4,Weezer - Dope Nose,Not Checked Yet,,,FALSE,
DLC4,Weezer - King of the World,Not Checked Yet,,,FALSE,
DLC4,Weezer - Thank God For Girls,Not Checked Yet,,,FALSE,
DLC4,Weezer - The End of the Game,Not Checked Yet,,,FALSE,
DLC4,Weird Al Yankovic - My Own Eyes,Not Checked Yet,,,FALSE,
DLC4,Welshly Arms - Love Is Not a Weapon,Not Checked Yet,,,FALSE,
DLC4,Wet Leg - Chaise Longue,Not Checked Yet,,,FALSE,
DLC4,Wheatus - Teenage Dirtbag (2020),Not Checked Yet,,,FALSE,
DLC4,White Reaper - Might Be Right,Not Checked Yet,,,FALSE,
DLC4,Whitney Houston - I Wanna Dance with Somebody (Who Loves Me),Not Checked Yet,,,FALSE,
DLC4,Wild Cherry - Play That Funky Music,Not Checked Yet,,,FALSE,
DLC4,Wilson Phillips - Hold On,Not Checked Yet,,,FALSE,
DLC4,Winger - Seventeen,Not Checked Yet,,,FALSE,
DLC4,Wolf Alice - Smile,Not Checked Yet,,,FALSE,
DLC4,Wolves at the Gate - Peace That Starts the War,Not Checked Yet,,,FALSE,
DLC4,X Ambassadors - Renegades,Not Checked Yet,,,FALSE,
DLC4,YONAKA - PANIC,Not Checked Yet,,,FALSE,
DLC4,Young The Giant - Simplify,Not Checked Yet,,,FALSE,
DLC4,Young The Giant - Superposition,Not Checked Yet,,,FALSE,
DLC4,YUNGBLUD - The Funeral,Not Checked Yet,,,FALSE,
DLC4,Zac Brown Band - Chicken Fried,Not Checked Yet,,,FALSE,
DLC4,Zac Brown Band - Homegrown,Not Checked Yet,,,FALSE,
DLC4,Zac Brown Band - The Wind,Not Checked Yet,,,FALSE,
GreenDay,Green Day - ¿Viva la Gloria (Little Girl),Not Found,,,FALSE,
GreenDay,Green Day - 21st Century Breakdown,https://www.youtube.com/watch?v=D4ZKlT1EvCA,-28459,100,FALSE,Shorter Edit desyncs at 2:28
GreenDay,Green Day - American Eulogy,Not Found,,,FALSE,
GreenDay,Green Day - American Idiot,https://www.youtube.com/watch?v=Ee_uujKuJMI,-4750,100,FALSE,
GreenDay,Green Day - Are We the Waiting-St. Jimmy,Not Found,,,FALSE,
GreenDay,Green Day - Basket Case,https://www.youtube.com/watch?v=NUTGr5t3MoY,12000,100.3,FALSE,
GreenDay,Green Day - Before the Lobotomy,Not Found,,,FALSE,
GreenDay,Green Day - Boulevard of Broken Dreams,https://www.youtube.com/watch?v=Soa3gO7tL-c,19667,100.09,FALSE,
GreenDay,Green Day - Brain Stew-Jaded,https://www.youtube.com/watch?v=UNq9gmY_Oz4,-1626,100.055,FALSE,Loses sync at Jaded
GreenDay,Green Day - Burnout,Not Found,,,FALSE,
GreenDay,Green Day - Chump,Not Found,,,FALSE,
GreenDay,Green Day - Coming Clean,Not Found,,,FALSE,
GreenDay,Green Day - Emenius Sleepus,Not Found,,,FALSE,
GreenDay,Green Day - Extraordinary Girl,Not Found,,,FALSE,
GreenDay,Green Day - F.O.D,Not Found,,,FALSE,
GreenDay,Green Day - Geek Stink Breath,https://www.youtube.com/watch?v=fr2T-Rcgq1c,-400,100,FALSE,
GreenDay,Green Day - Give Me Novacaine-She's a Rebel,Not Found,,,FALSE,
GreenDay,Green Day - Good Riddance (Time of Your Life),https://www.youtube.com/watch?v=CnQ8N1KacJc,-8334,100.22,FALSE,
GreenDay,Green Day - Having a Blast,Not Found,,,FALSE,
GreenDay,Green Day - Hitchin' a Ride,https://www.youtube.com/watch?v=4Sc81yxo600,375,100.12,FALSE,
GreenDay,Green Day - Holiday,https://www.youtube.com/watch?v=A1OqtIqzScI,19959,100,FALSE,
GreenDay,Green Day - Homecoming,Not Found,,,FALSE,
GreenDay,Green Day - Horseshoes and Handgrenades,Not Found,,,FALSE,
GreenDay,Green Day - In the End,Not Found,,,FALSE,
GreenDay,Green Day - Jesus of Suburbia,https://www.youtube.com/watch?v=fZFmaMbkUD4,106751,100,FALSE,Desync in the 2nd half
GreenDay,Green Day - Last Night on Earth,Not Found,,,FALSE,
GreenDay,Green Day - Letterbomb,Not Found,,,FALSE,
GreenDay,Green Day - Longview,https://www.youtube.com/watch?v=42BBdzzgPNM,-3876,99.955,FALSE,
GreenDay,Green Day - Minority,https://www.youtube.com/watch?v=cDBlqu6KF4k,-3125,100,FALSE,
GreenDay,Green Day - Murder City,Not Found,,,FALSE,
GreenDay,Green Day - Nice Guys Finish Last,https://www.youtube.com/watch?v=n4qZ1dicRWk,50792,100.1,FALSE,
GreenDay,Green Day - Peacemaker,Not Found,,,FALSE,
GreenDay,Green Day - Pulling Teeth,Not Found,,,FALSE,
GreenDay,Green Day - Restless Heart Syndrome,Not Found,,,FALSE,
GreenDay,Green Day - Sassafras Roots,Not Found,,,FALSE,
GreenDay,Green Day - See the Light,Not Found,,,FALSE,
GreenDay,Green Day - She,Not Found,,,FALSE,
GreenDay,Green Day - Song of the Century,Not Found,,,FALSE,
GreenDay,Green Day - The Static Age,Not Found,,,FALSE,
GreenDay,Green Day - Wake Me Up When September Ends,https://www.youtube.com/watch?v=NU9JoFKlaZ0,99083,100,FALSE,"Story, desyncs quite fast, could use a recut"
GreenDay,Green Day - Warning,https://www.youtube.com/watch?v=eebfMFzJHNs,0,100,FALSE,Actual 0 delay sync
GreenDay,Green Day - Welcome to Paradise,https://www.youtube.com/watch?v=OR7R9Kuw2fY,-3834,100.2,FALSE,
GreenDay,Green Day - Whatsername,Not Found,,,FALSE,
GreenDay,Green Day - When I Come Around,https://www.youtube.com/watch?v=i8dh9gDzmz8,-2876,98.3,FALSE,
Lego,"All-American Rejects - Swing, Swing",https://www.youtube.com/watch?v=KtypSRcwIhA,-14876,99.1,FALSE,
Lego,Blink-182 - Aliens Exist,Not Found,,,FALSE,
Lego,Blur - Song 2,https://www.youtube.com/watch?v=SSbBvKaM6sk,-1640,100,FALSE,
Lego,Bon Jovi - You Give Love a Bad Name,https://www.youtube.com/watch?v=KrZHPOeOxQQ,3234,99.95,FALSE,
Lego,Boys Like Girls - Thunder,https://www.youtube.com/watch?v=ytLzxl4-mLw,-5934,100,FALSE,
Lego,Bryan Adams - Summer of '69,https://www.youtube.com/watch?v=9f06QZCVUHg,-3000,100.09,FALSE,
Lego,Carl Douglas - Kung Fu Fighting,https://www.youtube.com/watch?v=Bt4D8oA3mxU,-3360,100.25,FALSE,
Lego,Counting Crows - Accidentally in Love,https://www.youtube.com/watch?v=Yn8CZyqfex8,-4434,100,FALSE,
Lego,David Bowie - Let's Dance,https://www.youtube.com/watch?v=VbD_kBJc_gI,-2160,100,FALSE,
Lego,Elton John - Crocodile Rock,Not Found,,,FALSE,
Lego,Europe - The Final Countdown,https://www.youtube.com/watch?v=9jK-NcRmVcw,4868,100,FALSE,
Lego,Everlife - Real Wild Child,https://www.youtube.com/watch?v=uZ6_jLgr95w,-4333,100,FALSE,
Lego,Foo Fighters - Breakout,https://www.youtube.com/watch?v=4eNBM17tkjI,46209,100,FALSE,
Lego,Good Charlotte - Girls & Boys,https://www.youtube.com/watch?v=3FTS2tdmyYM,-2434,99.95,FALSE,Lose sync due to different edit
Lego,Iggy Pop - The Passenger,https://www.youtube.com/watch?v=-fWw7FE9tTo,-3680,100.25,FALSE,
Lego,Incubus - Dig,https://www.youtube.com/watch?v=nMsZ6wkZWhA,-5234,99.95,FALSE,
Lego,Kaiser Chiefs - Ruby,https://www.youtube.com/watch?v=qObzgUfCl28,-4520,100,FALSE,Syncs break half way due to interlude in video
Lego,Katrina and the Waves - Walking on Sunshine,https://www.youtube.com/watch?v=iPUmE-tne5U,-3080,99.1,FALSE,"Different edit, lose sync 3/4 of the way"
Lego,KoRn - Word Up!,https://www.youtube.com/watch?v=-M7vOnlcLbo,534,100,FALSE,
Lego,KT Tunstall - Suddenly I See,https://www.youtube.com/watch?v=9AEoUa0Hlso,-4209,100.08,FALSE,
Lego,Lostprophets - Rooftops (A Liberation Broadcast),https://www.youtube.com/watch?v=li8oTUdzd9c,-2480,100,FALSE,
Lego,P!nk - So What,https://www.youtube.com/watch?v=FJfFZqTlWrQ,-3701,99.92,FALSE,
Lego,Queen - We Are the Champions,https://www.youtube.com/watch?v=04854XqcfCY,-1300,100.1,TRUE,
Lego,Queen - We Will Rock You,https://www.youtube.com/watch?v=-tJYN-eG1zk,267,100.1,TRUE,
Lego,Rascal Flatts - Life Is a Highway,https://www.youtube.com/watch?v=5tXh_MfrMe0,33042,100,FALSE,
Lego,Ray Parker Jr - Ghostbusters,Not Found,,,FALSE,
Lego,Razorlight - Stumble and Fall,https://www.youtube.com/watch?v=4iZqXoDKfY8,-3400,100,FALSE,
Lego,Spin Doctors - Two Princes,https://www.youtube.com/watch?v=wsdy_rct6uo,-1200,100,FALSE,
Lego,Spinal Tap - Short and Sweet,Not Found,,,FALSE,
Lego,Steve Harley & Cockney Rebel - Make Me Smile (Come Up and See Me),https://www.youtube.com/watch?v=dAoaVU3-ve0,-360,99.75,FALSE,
Lego,Sum 41 - In Too Deep,https://www.youtube.com/watch?v=JoC3PUBmhFs,868,100,FALSE,
Lego,Supergrass - Grace,https://www.youtube.com/watch?v=Z4IWmNBKN3o,2880,100,FALSE,
Lego,T. Rex - Ride a White Swan,Not Found,,,FALSE,
Lego,The Automatic - Monster,https://www.youtube.com/watch?v=o7X3LYGV_N8,-2400,99,TRUE,
Lego,The Coral - Dreaming of You,https://www.youtube.com/watch?v=QXt723fN1ss,-3600,100,FALSE,
Lego,The Hives - Tick Tick Boom,https://www.youtube.com/watch?v=1M02bAWDFkI,840,99.2,FALSE,
Lego,The Jackson 5 - I Want You Back,Not Found,,,FALSE,Nothing that comes close to sync
Lego,The Jimi Hendrix Experience - Fire,Not Found,,,FALSE,
Lego,The Kooks - Naïve,https://www.youtube.com/watch?v=jkaMiaRLgvY,-4080,100,FALSE,
Lego,The Police - Every Little Thing She Does Is Magic,https://www.youtube.com/watch?v=aENX1Sf3fgQ,-4500,100,FALSE,
Lego,The Primitives - Crash,https://www.youtube.com/watch?v=1y7NGqfZteg,-5560,100.5,FALSE,
Lego,The Zutons - Valerie,https://www.youtube.com/watch?v=L3xpmfJp0Xc,-5480,100,FALSE,
Lego,Tom Petty - Free Fallin',https://www.youtube.com/watch?v=1lWJXDG2i0A,-2334,100,FALSE,
Lego,Vampire Weekend - A-Punk,https://www.youtube.com/watch?v=_XC2mqcMMGQ,-2000,100,TRUE,
Lego,We the Kings - Check Yes Juliet,https://www.youtube.com/watch?v=5CUyWJ7UINM,-3750,99.95,FALSE,
RB1,Aerosmith - Train Kept A Rollin',Not Found,,,FALSE,
RB1,Anarchy Club - Blood Doll,Not Found,,,FALSE,
RB1,Bang Camaro - Pleasure (Pleasure),https://www.youtube.com/watch?v=XhWK64pNEK8,-2801,100,FALSE,
RB1,Beastie Boys - Sabotage,https://www.youtube.com/watch?v=z5rRZdiu1UE,-4542,100,FALSE,
RB1,Black Sabbath - Paranoid,https://www.youtube.com/watch?v=0qanF-91aJo,2133,100,FALSE,Wavegroup song
RB1,Blue Öyster Cult - (Don't Fear) The Reaper,Not Found,,,FALSE,
RB1,Bon Jovi - Wanted Dead or Alive,https://www.youtube.com/watch?v=SRvCvsRp5ho,-15000,100,FALSE,"Edited down Video Version, timing works fine"
RB1,Boston - Foreplay-Long Time,Not Found,,,FALSE,
RB1,Coheed and Cambria - Welcome Home,https://www.youtube.com/watch?v=n0H3RlaQVrM,-30100,100,FALSE,Need Recut
RB1,Crooked X - Nightmare,Not Found,,,FALSE,
RB1,David Bowie - Suffragette City,Not Found,,,FALSE,
RB1,Death of the Cool - Can't Let Go,Not Found,,,FALSE,
RB1,Deep Purple - Highway Star,https://www.youtube.com/watch?v=UAKCR7kQMTQ,-1760,96.4,FALSE,Non Official Video
RB1,Faith No More - Epic,https://www.youtube.com/watch?v=ZG_k5CSYKhg,-3440,99.5,FALSE,
RB1,Fall Out Boy - Dead on Arrival,https://www.youtube.com/watch?v=qL02p9KhABo,-2334,100,FALSE,
RB1,Flyleaf - I'm So Sick,https://www.youtube.com/watch?v=iWIADZKU9dw,-6000,100,FALSE,
RB1,Foo Fighters - Learn to Fly,https://www.youtube.com/watch?v=1VQ_3sBZEm0,27292,100,FALSE,
RB1,Freezepop - Brainpower,https://www.youtube.com/watch?v=r2zGcAbXi5g,27834,100,FALSE,
RB1,Garbage - I Think I'm Paranoid,https://www.youtube.com/watch?v=ypr18UmxOas,-4133,100,FALSE,
RB1,Hole - Celebrity Skin,https://www.youtube.com/watch?v=O3dWBLoU--E,-209,100,FALSE,
RB1,Honest Bob and the Factory-to-Dealer Incentives - I Get By,Not Found,,,FALSE,
RB1,Iron Maiden - Run to the Hills,https://www.youtube.com/watch?v=86URGgqONvA,-5600,99.8,FALSE,Wavegroup song
RB1,Jet - Are You Gonna Be My Girl,https://www.youtube.com/watch?v=tuK6n2Lkza0,-4250,100,FALSE,
RB1,KISS - Detroit Rock City,https://www.youtube.com/watch?v=RSL3dwfEx3I,-1868,99,FALSE,
RB1,Metallica - Enter Sandman,https://www.youtube.com/watch?v=CD-E-LDc384,-1167,100,FALSE,"Lots of flashing light, beware"
RB1,Molly Hatchet - Flirtin' with Disaster,Not Found,,,FALSE,
RB1,Mountain - Mississippi Queen,Not Found,,,FALSE,
RB1,Nine Inch Nails - The Hand That Feeds,https://www.youtube.com/watch?v=xwhBRJStz7w,534,100,FALSE,
RB1,Nirvana - In Bloom,https://www.youtube.com/watch?v=PbgKEjNBHqM,16600,99.7,FALSE,0.997
RB1,OK Go - Here It Goes Again,https://www.youtube.com/watch?v=dTAAsCNK7RA,4375,100,FALSE,
RB1,Pixies - Wave of Mutilation,Not Found,,,FALSE,
RB1,Queens of the Stone Age - Go with the Flow,https://www.youtube.com/watch?v=DcHKOC64KnE,4767,100,FALSE,
RB1,R.E.M - Orange Crush,https://www.youtube.com/watch?v=_mSmOcmk7uQ,-3751,100,FALSE,"Not exactly the same, but no lipsync or instruments to match, so doesn’t matter"
RB1,Radiohead - Creep,https://www.youtube.com/watch?v=XFkzRNyygfk,-5080,100,FALSE,
RB1,Ramones - Blitzkrieg Bop,https://www.youtube.com/watch?v=QAN7D1V0vuI,-2200,100,FALSE,
RB1,Red Hot Chili Peppers - Dani California,https://www.youtube.com/watch?v=Sb5aq5HcS1A,-3876,100,FALSE,
RB1,Rush - Tom Sawyer,https://www.youtube.com/watch?v=auLBLk4ibAk,-2701,100.1,FALSE,Wavegroup song
RB1,Smashing Pumpkins - Cherub Rock,https://www.youtube.com/watch?v=q-KE9lvU810,-5042,100,FALSE,
RB1,Soundgarden - Black Hole Sun,https://www.youtube.com/watch?v=3mbBbFH9fAg,-3434,100,FALSE,
RB1,Stone Temple Pilots - Vasoline,https://www.youtube.com/watch?v=ht672-wYelc,2042,100,FALSE,
RB1,Sweet - Ballroom Blitz,https://www.youtube.com/watch?v=7lTwA5xMeTM,-1459,100,FALSE,Wavegroup song @ 101.4%
RB1,"The Acro-brats - Day Late, Dollar Short",Not Found,,,FALSE,
RB1,The Clash - Should I Stay or Should I Go,https://www.youtube.com/watch?v=xMaE6toi4mk,-3584,99.8,FALSE,
RB1,The Hives - Main Offender,https://www.youtube.com/watch?v=C_Ue3PVB4tw,-2533,99.7,FALSE,0.997
RB1,The Killers - When You Were Young,https://www.youtube.com/watch?v=ff0oWESdmH0,85209,99.845,FALSE,Story at the beginning
RB1,The Konks - 29 Fingers,Not Found,,,FALSE,
RB1,The Mother Hips - Time We Had,Not Found,,,FALSE,
RB1,The New Pornographers - Electric Version,Not Found,,,FALSE,
RB1,The Outlaws - Green Grass and High Tides,Not Found,,,FALSE,
RB1,The Police - Next to You,Not Found,,,FALSE,
RB1,The Rolling Stones - Gimme Shelter,Not Found,,,FALSE,
RB1,The Strokes - Reptilia,https://www.youtube.com/watch?v=b8-tXG8KrWs,-1209,100,FALSE,
RB1,The Who - Won't Get Fooled Again,Not Found,,,FALSE,
RB1,Timmy & the Lords of the Underworld - Timmy & the Lords of the Underworld,https://www.youtube.com/watch?v=Uw2UZwOcUxI,,,FALSE,"Not timed, just the show's performance, might do a clip myself"
RB1,Tribe - Outside,Not Found,,,FALSE,
RB1,VAGIANT - Seven,Not Found,,,FALSE,
RB1,Weezer - Say It Ain't So,https://www.youtube.com/watch?v=ENXvZ9YRjbo,-4834,100.3,FALSE,
RB1,Yeah Yeah Yeahs - Maps,https://www.youtube.com/watch?v=oIIxlgcuQRU,34542,100,FALSE,
RB2,Abnormality - Visions,Not Found,,,FALSE,
RB2,ACDC - Let There Be Rock,https://www.youtube.com/watch?v=3f2g4RMfhS0,-3968,100,FALSE,
RB2,AFI - Girl's Not Grey,https://www.youtube.com/watch?v=1Yzu-4kJg6g,-3040,100,FALSE,
RB2,Alanis Morissette - You Oughta Know,https://www.youtube.com/watch?v=NPcyTyilmYY,-3000,100.15,FALSE,
RB2,Alice In Chains - Man in the Box,https://www.youtube.com/watch?v=TAqZb52sgpU,-11042,100,FALSE,"Shorter Edit, could use a manual cut, its like a Bar or 2 that got cut"
RB2,Anarchy Club - Get Clean,Not Found,,,FALSE,
RB2,Avenged Sevenfold - Almost Easy,https://www.youtube.com/watch?v=Fi_GN1pHCVc,-1042,100,TRUE,Video Already boxed
RB2,Bad Company - Shooting Star,Not Found,,,FALSE,
RB2,Bang Camaro - Night Lies,https://www.youtube.com/watch?v=M_t6crVBi5M,4042,103,TRUE,
RB2,Beastie Boys - So What'cha Want,https://www.youtube.com/watch?v=ru3gH27Fn6E,1167,100.15,FALSE,
RB2,Beck - E-Pro,https://www.youtube.com/watch?v=RIrG6xBW5Wk,-14567,100,FALSE,
RB2,Bikini Kill - Rebel Girl,Not Found,,,FALSE,
RB2,Billy Idol - White Wedding (Part 1),https://www.youtube.com/watch?v=AAZQaYKZMTI,-1440,100.557,FALSE,"Short Edit, Sync lost at around 2:30"
RB2,Blondie - One Way or Another,Not Found,,,FALSE,
RB2,Bob Dylan - Tangled Up in Blue,Not Found,,,FALSE,
RB2,Bon Jovi - Livin' On a Prayer,https://www.youtube.com/watch?v=lDK9QqIzhwk,-267,100,FALSE,
RB2,Breaking Wheel - Shoulder to the Plow,Not Found,,,FALSE,
RB2,Cheap Trick - Hello There,https://www.youtube.com/watch?v=8MJpxN4l00M,18457,100,FALSE,Rock Band 2 Intro vid
RB2,Devo - Uncontrollable Urge,Not Found,,,FALSE,
RB2,Dinosaur Jr - Feel the Pain,Not Found,,,FALSE,
RB2,Disturbed - Down with the Sickness,https://www.youtube.com/watch?v=09LTT0xwdfw,-14934,100,FALSE,"Shorter Edit without the break down, needs a manual edit"
RB2,Dream Theater - Panic Attack,Not Found,,,FALSE,
RB2,Duran Duran - Hungry Like the Wolf,https://www.youtube.com/watch?v=oJL-lCzEXgI,360,100.3,FALSE,"Longer Edit losing sync toward the end, could use a manual cut"
RB2,Elvis Costello - Pump It Up,https://www.youtube.com/watch?v=3Y71iDvCYXA,-1960,100,FALSE,
RB2,Fleetwood Mac - Go Your Own Way,Not Found,,,FALSE,
RB2,Foo Fighters - Everlong,https://www.youtube.com/watch?v=eBG7P-K-r1Y,-2083,100,FALSE,
RB2,Go-Go's - We Got the Beat,Not Found,,,FALSE,
RB2,Guns N' Roses - Shackler's Revenge,Not Found,,,FALSE,
RB2,Interpol - PDA,Not Found,,,FALSE,
RB2,Jane's Addiction - Mountain Song,https://www.youtube.com/watch?v=1kAIMlISHhU,-3000,100,FALSE,
RB2,Jethro Tull - Aqualung,https://www.youtube.com/watch?v=N4zPu3ISCGs,1080,100,FALSE,Sync not really needed
RB2,Jimmy Eat World - The Middle,https://www.youtube.com/watch?v=oKsxPW6i3pM,-1167,99.9,FALSE,
RB2,Joan Jett - Bad Reputation,https://www.youtube.com/watch?v=nO6YL09T8Fw,-267,102.1,FALSE,
RB2,Journey - Any Way You Want It,https://www.youtube.com/watch?v=atxUuldUcfI,35500,99.5,FALSE,
RB2,Judas Priest - Painkiller,https://www.youtube.com/watch?v=nM__lPTWThU,-3801,100.2,FALSE,
RB2,Kansas - Carry On Wayward Son,https://www.youtube.com/watch?v=P5ZJui3aPoQ,-3901,100,FALSE,
RB2,L7 - Pretend We're Dead,https://www.youtube.com/watch?v=NAdlZ2F-fs8,-1759,100,FALSE,Sync goes off  near the end
RB2,Lacuna Coil - Our Truth,https://www.youtube.com/watch?v=SB9LXpO6yWo,7067,100,TRUE,
RB2,Libyans - Welcome to the Neighborhood,Not Found,,,FALSE,
RB2,Linkin Park - One Step Closer,https://www.youtube.com/watch?v=4qlCC1GOwFw,13042,100,FALSE,
RB2,Lit - My Own Worst Enemy,https://www.youtube.com/watch?v=sc5iTNVEOAg,8834,100,FALSE,
RB2,Lush - De-Luxe,https://www.youtube.com/watch?v=aKrw5wOlSng,-1960,100,FALSE,
RB2,Mastodon - Colony of Birchmen,https://www.youtube.com/watch?v=VQo9bwQ2rQc,-3125,100,TRUE,black bars
RB2,Megadeth - Peace Sells,https://www.youtube.com/watch?v=rdEupVsL07E,3360,100.3,FALSE,"Added cut in the middle throwing sync off, should cut"
RB2,Metallica - Battery,Not Found,,,FALSE,
RB2,Modest Mouse - Float On,https://www.youtube.com/watch?v=CTAud5O7Qqk,1167,100,FALSE,
RB2,Motörhead - Ace of Spades '08,https://www.youtube.com/watch?v=7Ovq-I9wpK0,-3333,100,FALSE,60 fps video
RB2,Nirvana - Drain You,Not Found,,,FALSE,
RB2,Norman Greenbaum - Spirit in the Sky,https://www.youtube.com/watch?v=YqYN-1vMM9k,10167,100,FALSE,
RB2,Panic at the Disco - Nine in the Afternoon,https://www.youtube.com/watch?v=yCto3PCn8wo,2876,100,FALSE,
RB2,Paramore - That's What You Get,https://www.youtube.com/watch?v=1kz6hNDlEEg,-2709,100,FALSE,
RB2,Pearl Jam - Alive,Not Found,,,FALSE,
RB2,Rage Against the Machine - Testify,https://www.youtube.com/watch?v=Q3dvbM6Pias,-3701,100,FALSE,
RB2,Ratt - Round and Round,https://www.youtube.com/watch?v=0u8teXR8VE4,-2167,99.75,FALSE,
RB2,Red Hot Chili Peppers - Give It Away,https://www.youtube.com/watch?v=Mr_uHJPUlO8,467,100,FALSE,
RB2,Rise Against - Give It All,https://www.youtube.com/watch?v=dhldbymXK-8,-3876,100,FALSE,
RB2,Rush - The Trees (Vault Edition),Not Found,,,FALSE,
RB2,Silversun Pickups - Lazy Eye,https://www.youtube.com/watch?v=j1DsAXoU-Yw,-2800,100,TRUE,"Shorter Edit, sync at the start"
RB2,Smashing Pumpkins - Today,https://www.youtube.com/watch?v=xmUZ6nCFNoU,18542,99.55,FALSE,Longer Edit
RB2,Social Distortion - I Was Wrong,https://www.youtube.com/watch?v=aXAU4MmMIMo,-1734,100,FALSE,
RB2,Sonic Youth - Teen Age Riot,https://www.youtube.com/watch?v=tPytYrYqDbA,-85267,100,FALSE,Way Short edit
RB2,Soundgarden - Spoonman,https://www.youtube.com/watch?v=T0_zzCLLRvE,10917,99.8,FALSE,
RB2,Speck - Conventional Lover,Not Found,,,FALSE,
RB2,Squeeze - Cool for Cats,https://www.youtube.com/watch?v=uJ2cEc_TCH8,-2960,100,FALSE,
RB2,Steely Dan - Bodhisattva,Not Found,,,FALSE,
RB2,Steve Miller Band - Rock'n Me,Not Found,,,FALSE,
RB2,Survivor - Eye of the Tiger,https://www.youtube.com/watch?v=btPJPFnesV4,-3709,100,FALSE,
RB2,System of a Down - Chop Suey,https://www.youtube.com/watch?v=CSvFpBOe8eY,-3584,100,FALSE,
RB2,Talking Heads - Psycho Killer,https://www.youtube.com/watch?v=CJ54eImz88w,-2584,100.2,FALSE,
RB2,Tenacious D - Master Exploder,https://www.youtube.com/watch?v=80DtQD5BQ_A,42300,100,TRUE,
RB2,Testament - Souls of Black,https://www.youtube.com/watch?v=8YT8XX-640w,-8480,96.95,FALSE,"Not Perfect, seems to be a re-recording"
RB2,That Handsome Devil - Rob the Prez-O-Dent,https://www.youtube.com/watch?v=ZjHhwRI6TnE,9959,100,FALSE,Fan Music Video
RB2,The Allman Brothers Band - Ramblin' Man,Not Found,,,FALSE,
RB2,The Donnas - New Kid in School,Not Found,,,FALSE,
RB2,The Grateful Dead - Alabama Getaway,Not Found,,,FALSE,
RB2,The Guess Who - American Woman,Not Found,,,FALSE,
RB2,The Main Drag - A Jagged Gorgeous Winter,https://www.youtube.com/watch?v=yuG_jxi37RM,-2567,100,FALSE,
RB2,The Mighty Mighty Bosstones - Where'd You Go,https://www.youtube.com/watch?v=TjPB3jROgco,8840,103.23,FALSE,
RB2,The Muffs - Kids in America,Not Found,,,FALSE,
RB2,The Offspring - Come Out and Play (Keep 'Em Separated),https://www.youtube.com/watch?v=1jOk8dk-qaU,-1934,100,FALSE,
RB2,The Presidents of the United States of America - Lump,https://www.youtube.com/watch?v=xjwkXYB4nHs,-3067,100.2,FALSE,
RB2,The Replacements - Alex Chilton,https://www.youtube.com/watch?v=ftTOEJfzdq0,-4133,100,FALSE,
RB2,The Sterns - Supreme Girl,Not Found,,,FALSE,
RB2,The Who - Pinball Wizard,Not Found,,,FALSE,
RB3,Amy Winehouse - Rehab,https://www.youtube.com/watch?v=KUmZp8pR1uc,-560,100,FALSE,
RB3,Anthrax - Caught in a Mosh,Not Found,,,FALSE,
RB3,At the Drive-In - One Armed Scissor,https://www.youtube.com/watch?v=QpELGD0vFrA,-2000,99.9,FALSE,
RB3,Avenged Sevenfold - Beast and the Harlot,https://www.youtube.com/watch?v=7bDg7n-chhU,-32625,100,TRUE,"Shorter Edit, needs to be recut"
RB3,Big Country - In a Big Country,https://www.youtube.com/watch?v=657TZDHZqj4,-22440,99,TRUE,
RB3,Blondie - Heart of Glass,https://www.youtube.com/watch?v=WGU_4-5RaxU,4560,100.1,FALSE,
RB3,"Bob Marley and the Wailers - Get Up, Stand Up",Not Found,,,FALSE,
RB3,Chicago - 25 or 6 to 4,Not Found,,,FALSE,
RB3,David Bowie - Space Oddity,https://www.youtube.com/watch?v=iYYRH4apXDo,-2480,100,FALSE,
RB3,Deep Purple - Smoke on the Water,https://www.youtube.com/watch?v=Q2FzZSBD5LE,2375,100,FALSE,
RB3,Def Leppard - Foolin',https://www.youtube.com/watch?v=9SnxBvH-0Mc,-800,100,FALSE,
RB3,Devo - Whip It,Not Found,,,FALSE,
RB3,Dio - Rainbow in the Dark,https://www.youtube.com/watch?v=PrBUjXaRSUQ,-2167,100.4,FALSE,
RB3,Dire Straits - Walk of Life,https://www.youtube.com/watch?v=kd9TlGDZGkI,-3876,100,FALSE,
RB3,Dover - King George,https://www.youtube.com/watch?v=wbM9RtOGdKE,-3960,100,TRUE,
RB3,Echo & The Bunnymen - The Killing Moon,https://www.youtube.com/watch?v=LWz0JC7afNQ,8720,99.4,FALSE,Shorter Edit
RB3,Elton John - Saturday Night's Alright for Fighting,Not Found,,,FALSE,
RB3,Faith No More - MidLife Crisis,https://www.youtube.com/watch?v=U8b88US-6ts,-11375,99,FALSE,"Shorter Edit, loses sync quite early"
RB3,Filter - Hey Man Nice Shot,https://www.youtube.com/watch?v=o9mJ82x_l-E,-15709,100.15,FALSE,"Lose sync, different edit"
RB3,Foreigner - Cold as Ice,https://www.youtube.com/watch?v=ySb1f9zWJkQ,-2200,100.43,FALSE,
RB3,Golden Earring - Radar Love,https://www.youtube.com/watch?v=aRlSHG5hRY4,-4080,100,FALSE,"Short Edit, Need Recut"
RB3,H.I.M - Killing Loneliness,https://www.youtube.com/watch?v=CQ9JdDAbKH0,-10042,100,FALSE,"Short Edit, desync around 1:35"
RB3,Huey Lewis and the News - The Power of Love,https://www.youtube.com/watch?v=wBl2QGAIx1s,130542,100.78,FALSE,Story at the beginning
RB3,Hypernova - Viva la Resistance,Not Found,,,FALSE,
RB3,Ida Maria - Oh My God,https://www.youtube.com/watch?v=eED30qLA0KY,-2667,100,FALSE,"Bridge Shortened, break sync at aroun 1:22"
RB3,INXS - Need You Tonight,https://www.youtube.com/watch?v=F93ywiGMDnQ,4560,100.174,FALSE,
RB3,James Brown - I Got You (I Feel Good),Not Found,,,FALSE,
RB3,Jane's Addiction - Been Caught Stealing,https://www.youtube.com/watch?v=jrwjiO1MCVs,7501,100.108,FALSE,
RB3,Joan Jett & The Blackhearts - I Love Rock N' Roll,https://www.youtube.com/watch?v=wMsazR6Tnf8,24367,99.379,FALSE,
RB3,John Lennon - Imagine,https://www.youtube.com/watch?v=Ts0XSyWpMnU,34680,100,FALSE,
RB3,Juanes - Me Enamora,https://www.youtube.com/watch?v=voxgN3Dhjuo,375,100,FALSE,
RB3,Lynyrd Skynyrd - Free Bird,https://www.youtube.com/watch?v=MQNRKX8GwPo,-8417,99.85,FALSE,
RB3,Maná - Oye Mi Amor,https://www.youtube.com/watch?v=h0p8yTqj8i4,12876,100,FALSE,
RB3,Marilyn Manson - The Beautiful People,https://www.youtube.com/watch?v=Ypkv0HeUvTc,3917,100,FALSE,
RB3,Metric - Combat Baby,https://www.youtube.com/watch?v=6rMfPvv3BMs,-2200,99.875,FALSE,
RB3,Night Ranger - Sister Christian,https://www.youtube.com/watch?v=z92bmlcmyq0,1209,98.8,FALSE,"Different edit, lose sync at 2:19"
RB3,Ozzy Osbourne - Crazy Train,https://www.youtube.com/watch?v=FVovq9TGBw0,7868,98.15,FALSE,"Live Audio used for video, lose sync after Solo"
RB3,Paramore - Misery Business,https://www.youtube.com/watch?v=aCyGvGEtOwc,-4542,100,FALSE,
RB3,Phish - Llama,Not Found,,,FALSE,
RB3,Phoenix - Lasso,Not Found,,,FALSE,
RB3,Poni Hoax - Antibodies,https://www.youtube.com/watch?v=E0BOBnIbU_Q,1240,100,FALSE,
RB3,"Pretty Girls Make Graves - Something Bigger, Something Brighter",Not Found,,,FALSE,
RB3,Primus - Jerry Was a Race Car Driver,https://www.youtube.com/watch?v=LBQ2305fLeA,27792,100,FALSE,
RB3,Queen - Bohemian Rhapsody,https://www.youtube.com/watch?v=fJ9rUzIMcZQ,-4760,100.864,FALSE,
RB3,Queens of the Stone Age - No One Knows,https://www.youtube.com/watch?v=s88r_q7oufE,-3250,99.9,FALSE,
RB3,Rammstein - Du Hast,https://www.youtube.com/watch?v=W3q8Od5qJio,-3800,100,TRUE,
RB3,Ramones - I Wanna Be Sedated,https://www.youtube.com/watch?v=bm51ihfi1p4,-2934,100,FALSE,
RB3,Rilo Kiley - Portions for Foxes,https://www.youtube.com/watch?v=Gw0YeT0nJ3A,-16292,100,TRUE,
RB3,Riverboat Gamblers - Don't Bury Me... I'm Still Not Dead,https://www.youtube.com/watch?v=NY4ADPAt1rI,18083,100,TRUE,
RB3,Roxette - The Look,https://www.youtube.com/watch?v=eAByAzEkI1c,-4667,100.115,FALSE,
RB3,Slipknot - Before I Forget,https://www.youtube.com/watch?v=qw2LU1yS7aw,-13917,100,FALSE,"Shorter Intro, NEEDS recut, desync real fast"
RB3,Smash Mouth - Walking on the Sun,https://www.youtube.com/watch?v=LQj--Kjn0z8,-2334,99.838,FALSE,
RB3,Spacehog - In the Meantime,https://www.youtube.com/watch?v=PCsGRCf8T9Y,-5209,100.1,FALSE,"Shorter edit, desync at the end"
RB3,Steve Miller Band - Fly Like an Eagle,Not Found,,,FALSE,
RB3,Stone Temple Pilots - Plush,https://www.youtube.com/watch?v=V5UOC0C0x8Q,-15467,100,FALSE,"Shorter edit, desync at 1:35, should recut"
RB3,Swingin' Utters - This Bastard's Life,Not Found,,,FALSE,
RB3,T. Rex - 20th Century Boy,https://www.youtube.com/watch?v=c7nbXljpnq0,-880,100.366,FALSE,
RB3,Tears for Fears - Everybody Wants to Rule the World,https://www.youtube.com/watch?v=aGCdLKXNF3w,30520,101.778,FALSE,
RB3,Tegan and Sara - The Con,https://www.youtube.com/watch?v=IK7THPiRw8Q,-2501,100,TRUE,
RB3,The B-52's - Rock Lobster,https://www.youtube.com/watch?v=Oh5J33KAaqw,-4600,99.5,FALSE,
RB3,The Beach Boys - Good Vibrations (Live),https://www.youtube.com/watch?v=apBWI6xrbLY,-4167,100,FALSE,"Not the same version, but no singing/instrument, so sync doesn’t matter"
RB3,The Cure - Just Like Heaven,https://www.youtube.com/watch?v=n3nPiBai66M,-3640,100,FALSE,Different edit lose sync 1:30 in
RB3,The Doobie Brothers - China Grove,Not Found,,,FALSE,
RB3,The Doors - Break on Through (To the Other Side),https://www.youtube.com/watch?v=gdnzBNMfZfo,-1968,99.493,FALSE,
RB3,The Flaming Lips - Yoshimi Battles the Pink Robots Pt. 1,https://www.youtube.com/watch?v=ZdDHi5SSIlM,-13000,100,FALSE,Shorter edit
RB3,The J. Geils Band - Centerfold,https://www.youtube.com/watch?v=BqDjMZKf-wg,-1584,99.91,FALSE,
RB3,The Jimi Hendrix Experience - Crosstown Traffic,Not Found,,,FALSE,
RB3,The Muffs - Outer Space,Not Found,,,FALSE,
RB3,The Police - Don't Stand So Close to Me,https://www.youtube.com/watch?v=KNIZofPB8ZM,11292,101.338,FALSE,
RB3,The Raveonettes - Last Dance,https://www.youtube.com/watch?v=9TL2B-iiVhA,-3500,98.846,FALSE,
RB3,The Smiths - Stop Me if You Think You've Heard This One Before,https://www.youtube.com/watch?v=SckD99B51IA,-3400,100,FALSE,
RB3,The Sounds - Living in America,https://www.youtube.com/watch?v=DVarhSlAYwI,-3933,100,FALSE,
RB3,The Vines - Get Free,https://www.youtube.com/watch?v=asOvnGHwtDU,-3320,100,FALSE,
RB3,The White Stripes - The Hardest Button to Button,https://www.youtube.com/watch?v=K4dx42YzQCE,-800,100,FALSE,
RB3,The Who - I Can See for Miles,https://www.youtube.com/watch?v=DdCySh8lW2E,-5000,98.4,FALSE,Shorter Edit
RB3,Them Crooked Vultures - Dead End Friends,Not Found,,,FALSE,
RB3,Tokio Hotel - Humanoid,Not Found,,,FALSE,
RB3,Tom Petty and the Heartbreakers - I Need to Know,https://www.youtube.com/watch?v=qdMwneWwzEs,1133,97.396,FALSE,"Live Version, syncs ok-ish"
RB3,WAR - Low Rider,https://www.youtube.com/watch?v=BsrqKE1iqqo,24042,100.8,FALSE,
RB3,Warren Zevon - Werewolves of London,https://www.youtube.com/watch?v=qae25976UgA,-3667,100.199,FALSE,
RB3,Whitesnake - Here I Go Again,https://www.youtube.com/watch?v=WyF8RHM1OCg,-4600,99.9,FALSE,
RB4,38 Special - Caught Up In You,https://www.youtube.com/watch?v=zg21Rkew874,-1567,100,FALSE,
RB4,4 Non Blondes - What's Up,https://www.youtube.com/watch?v=6NXnxTNIWkc,-1417,99.99,FALSE,
RB4,Aerosmith - Toys in the Attic,Not Found,,,FALSE,
RB4,Arctic Monkeys - Arabella,https://www.youtube.com/watch?v=Nj8r3qmOoZ8,22417,100,FALSE,
RB4,Avenged Sevenfold - Hail to the King,https://www.youtube.com/watch?v=DelhLppPSxY,584,100,FALSE,
RB4,Benjamin Booker - Violent Shiver,https://www.youtube.com/watch?v=zm-rb8k1HkU,-3626,100,FALSE,
RB4,Brad Paisley - Start a Band (ft. Keith Urban),https://www.youtube.com/watch?v=9F_FN4ygjTo,18167,100,FALSE,
RB4,Brandi Carlile - Mainstream Kid,https://www.youtube.com/watch?v=hQyc89jQXqY,-3417,100,FALSE,
RB4,Cake - Short Skirt-Long Jacket,https://www.youtube.com/watch?v=X5KmB8Laemg,6767,100,FALSE,
RB4,Dark Wheels - V-Bomb,Not Found,,,FALSE,
RB4,Disturbed - Prayer,https://www.youtube.com/watch?v=DWSlOCEzRGo,1542,99.9,TRUE,
RB4,Dream Theater - Metropolis - Part 1 The Miracle and the Sleeper,Not Found,,,FALSE,
RB4,Duck & Cover - Knock Em Down,Not Found,,,FALSE,
RB4,Eddie Japan - Albert,Not Found,,,FALSE,
RB4,Elvis Presley - Suspicious Minds,https://www.youtube.com/watch?v=WrMGGouem3c,-3917,100.66,FALSE,
RB4,Fall Out Boy - Centuries,https://www.youtube.com/watch?v=LBr7kECsjcQ,7000,100,FALSE,
RB4,Fleetwood Mac - You Make Loving Fun,Not Found,,,FALSE,
RB4,Foo Fighters - The Feast and the Famine,https://www.youtube.com/watch?v=c6fR_mp8gag,-3167,100,FALSE,
RB4,Gary Clark Jr - Ain't Messin 'Round,https://www.youtube.com/watch?v=fyBem5-Bfpg,-2458,99.918,FALSE,
RB4,Gin Blossoms - Follow You Down,https://www.youtube.com/watch?v=5LuH0ywYVQc,-4584,100.1,FALSE,Shorter Edit
RB4,Grouplove - Tongue Tied,https://www.youtube.com/watch?v=1x1wjGKHjBI,20801,100.03,FALSE,
RB4,Halestorm - I Miss The Misery,https://www.youtube.com/watch?v=YpJAmlnBxoA,6209,100,FALSE,
RB4,Heart - Kick It Out,Not Found,,,FALSE,
RB4,Heaven's Basement - I Am Electric,https://www.youtube.com/watch?v=XjRaKId4Rps,-440,100,FALSE,
RB4,Imagine Dragons - I Bet My Life,https://www.youtube.com/watch?v=4ht80uzIhNs,9083,100,FALSE,
RB4,Jack White - Lazaretto,https://www.youtube.com/watch?v=qI-95cTMeLM,5667,100.1,FALSE,
RB4,Jeff Allen - Recession (ft. Noelle LeBlanc and Naoko Takamoto),Not Found,,,FALSE,
RB4,Johnny Blazes and The Pretty Boys - Cold Clear Light,Not Found,,,FALSE,
RB4,Judas Priest - Halls of Valhalla,https://www.youtube.com/watch?v=GuDg3u-ZPEM,-14880,101.05,FALSE,"Live, syncs fine"
RB4,Lightning Bolt - Dream Genie,Not Found,,,FALSE,
RB4,Little Big Town - Little White Church,https://www.youtube.com/watch?v=B077Dw_zDe0,-4334,100,FALSE,
RB4,Live - All Over You,https://www.youtube.com/watch?v=olQXfB_Jujs,-2640,104,FALSE,Unplugged Live synced
RB4,Lucius - Turn It Around,https://www.youtube.com/watch?v=4QSF8bgqgC4,26625,99.913,FALSE,
RB4,Lynyrd Skynyrd - That Smell,https://www.youtube.com/watch?v=hib4n9RmFrQ,9767,99,FALSE,"Live version, syncs fine"
RB4,Mark Ronson - Uptown Funk (ft. Bruno Mars),https://www.youtube.com/watch?v=OPf0YbXqDm0,-3876,100,FALSE,
RB4,Mumford & Sons - The Wolf,https://www.youtube.com/watch?v=vD3iXpv4h-o,-1459,100,FALSE,
RB4,Ozzy Osbourne - Miracle Man,https://www.youtube.com/watch?v=j34juXrJWqw,7901,99.95,FALSE,
RB4,Paramore - Still Into You,https://www.youtube.com/watch?v=OblL026SvD4,3626,100,FALSE,
RB4,Queens of the Stone Age - My God is the Sun,https://www.youtube.com/watch?v=iFca32_7YUU,-4367,100,FALSE,
RB4,R.E.M - The One I Love,https://www.youtube.com/watch?v=j7oQEPfe-O8,-3375,100,FALSE,
RB4,"Rick Derringer - Rock and Roll, Hoochie Koo",Not Found,,,FALSE,
RB4,Rush - A Passage To Bangkok,Not Found,,,FALSE,
RB4,Scandal - The Warrior,https://www.youtube.com/watch?v=47y5bo8wtqM,-1667,100.7,FALSE,
RB4,Scorpions - No One Like You,https://www.youtube.com/watch?v=6VwbyBGbqPY,-3133,100,FALSE,"Not same version, IG is slower/lower, no sync needed as itâ€™s a story video"
RB4,Slydigs - Light the Fuse,https://www.youtube.com/watch?v=VyaI34873pM,-2520,100,FALSE,
RB4,Soul Remnants - Dead Black (Heart of Ice),Not Found,,,FALSE,
RB4,Soundgarden - Superunknown,https://www.youtube.com/watch?v=AwdjreJKggg,-2167,99.85,FALSE,
RB4,Spin Doctors - Little Miss Can't Be Wrong,https://www.youtube.com/watch?v=cXWbMu4PtpE,-3200,100.1,FALSE,
RB4,St. Vincent - Birth In Reverse,https://www.youtube.com/watch?v=TAdARF4rGcQ,-3959,100,FALSE,
RB4,System of a Down - Spiders,https://www.youtube.com/watch?v=SqZNMvIEHhs,3584,99.7,FALSE,
RB4,The Black Keys - Fever,https://www.youtube.com/watch?v=trk7P-9QDyc,-250,100,FALSE,
RB4,The Both - Milwaukee,https://www.youtube.com/watch?v=VqSYzOXkthg,49417,100,FALSE,
RB4,The Cure - Friday I'm in Love,https://www.youtube.com/watch?v=mGgMZpGYiy8,-520,100,FALSE,
RB4,The Killers - Somebody Told Me,https://www.youtube.com/watch?v=Y5fBdpreJiU,-2292,100,FALSE,
RB4,The Mighty Mighty Bosstones - The Impression That I Get,https://www.youtube.com/watch?v=NIGMUAMevH0,-3534,99.855,FALSE,
RB4,The Outfield - Your Love,https://www.youtube.com/watch?v=4N1iwQxiHrs,32626,100,FALSE,
RB4,The Protomen - Light Up The Night,https://www.youtube.com/watch?v=B8pywyGywWg,339167,100,FALSE,"Long Story Video, should probably cut at the end, 7 minutes extra at the end"
RB4,The Warning - Free Falling,https://www.youtube.com/watch?v=wlipfTBaLII,-2367,97.128,FALSE,Live
RB4,The Who - The Seeker,https://www.youtube.com/watch?v=Xx-QkUhz5Oc,-5680,99.6,FALSE,
RB4,Tijuana Sweetheart - Pistol Whipped,Not Found,,,FALSE,
RB4,U2 - Cedarwood Road,https://www.youtube.com/watch?v=Wzub9tvqChc,-3200,100,FALSE,Live
RB4,U2 - I Will Follow,https://www.youtube.com/watch?v=-sLzV00gNUo,-4240,99.9,FALSE,
RB4,Van Halen - Panama,https://www.youtube.com/watch?v=fuKDBPw8wQA,6934,100,FALSE,
RB4,Van Morrison - Brown Eyed Girl,Not Found,,,FALSE,
RB4,White Denim - At Night In Dreams,Not Found,,,FALSE,
RBRivals,Animal Flag - Sink,Not Found,,,FALSE,
RBRivals,Bearstronaut - Shadow,https://www.youtube.com/watch?v=Z1kYYrEIV9A,18617,100,FALSE,Live on kimmel
RBRivals,Bent Knee - These Hands,Not Found,,,FALSE,
RBRivals,Black Beach - No Place for Me,https://www.youtube.com/watch?v=KfHiQrx0qF0,-3626,96.85,FALSE,"Live, desync and resyncs"
RBRivals,Creaturos - History Repeats,Not Found,,,FALSE,
RBRivals,Dutch ReBelle - RudeBoys,Not Found,,,FALSE,
RBRivals,Goddamn Draculas - Bethany,https://www.youtube.com/watch?v=reFywQ0w_60,3200,93.2,FALSE,Live
RBRivals,Julie Rhodes - Hurry Up (& Wait for You),https://www.youtube.com/watch?v=KlneeGB2org,-2792,99.2,FALSE,"Live, syncs ok-ish"
RBRivals,Littlefoot - Casablanca,https://www.youtube.com/watch?v=RKOVTsSDXIg,-3584,100,FALSE,
RBRivals,Michael Christmas - Cross That Line,Not Found,,,FALSE,
RBRivals,Nemes - Black Streak,https://www.youtube.com/watch?v=FzzG0HRBxYo,-3834,102.3,FALSE,Sync lost toward the end
RBRivals,Newfane - I Recognize,Not Found,,,FALSE,
RBRivals,Parlour Bells - Never Let 'Em Hold Ya Back!,Not Found,,,FALSE,
RBRivals,Party Bois - True Confessional,Not Found,,,FALSE,
RBRivals,Petty Morals - Mean Girls,https://www.youtube.com/watch?v=P9KcKpifVwk,1375,100,FALSE,
RBRivals,Ruby Rose Fox - Pain Killer,Not Found,,,FALSE,
RBRivals,Ruby Rose Fox - Skydiver,https://www.youtube.com/watch?v=C69CKK4E1lE,-5000,95.3,FALSE,Live
RBRivals,Skratch'N Snyf - S.O.M.P,Not Found,,,FALSE,
RBRivals,STL GLD - Good,Not Found,,,FALSE,
RBRivals,The Red Chord - Hour of Rats,Not Found,,,FALSE,
RBRivals,"The Warning Shots - Closer, Closer",Not Found,,,FALSE,
RBRivals,Tigerman WOAH - Alone Time,Not Found,,,FALSE,
RBRivals,When Particles Collide - Constant Disaster,https://www.youtube.com/watch?v=mkrifHPDsv0,9348,100,FALSE,
RBRivals,Worshipper - Black Corridor,Not Found,,,FALSE,
RBVR,AudioDamn! - Lights Out,Not Checked Yet,,,FALSE,
RBVR,Band of Horses - Casual Party,Not Checked Yet,,,FALSE,
RBVR,Coldplay - Birds,Not Checked Yet,,,FALSE,
RBVR,The Starting Line - Quitter,Not Checked Yet,,,FALSE,
RBVR,Twin Atlantic - I Am Alive,Not Checked Yet,,,FALSE,
